PartNumber,Quantity,Backorderable
0066733173,72,0
0069851531,5,0
0069851914,3,0
0080331767,49,0
0080579505,286,0
0080579532,19,0
0080579642,96,0
0080715875,176,0
0080715905,159,0
0080999788,1,0
0080999819,54,0
0080999846,43,0
0080999943,169,0
0081000008,143,0
0081683524,114,0
0081683536,74,0
0081683779,95,0
0081683851,135,0
0081683876,131,0
0081684071,160,0
0081688110,13,0
0081688147,3,0
0081688217,137,0
0081688486,139,0
0081688941,119,0
0081688992,143,0
0081689024,105,0
0081689036,116,0
0084486321,168,0
0085087073,657,0
0085087097,457,0
0085087103,797,0
0085087277,23,0
0085087289,6,0
0085953696,207,0
0085953726,64,0
0086247774,1,0
0086247856,4,0
0087133016,80,0
0087133113,137,0
0087133140,103,0
0087133968,112,0
0087134136,45,0
0087134258,79,0
0087134449,115,0
0087134506,120,0
0087134846,59,0
0087134885,71,0
0087134928,90,0
0087140528,150,0
0087140570,169,0
0087140613,115,0
0087970474,576,0
0087970486,273,0
0087970498,6,0
0087970568,140,0
0088254700,35,0
0088254713,28,0
0088516355,48,0
0088802189,100,0
0088802191,130,0
0089796749,40,0
0089796763,16,0
0090050437,233,0
0090052080,53,0
0090053965,39,0
0090766525,90,0
0090766525,90,0
0090766525,90,0
0090766540,466,0
0090766540,466,0
0090766540,466,0
0090766589,174,0
0090766716,126,0
0090766743,70,0
0091081254,111,0
0091270462,319,0
0091270499,44,0
0091270520,50,0
0091270532,162,0
0091270569,26,0
0091270572,104,0
0091270596,162,0
0091270602,369,0
0091270627,289,0
0091270681,4,0
0091270832,4,0
0091270927,18,0
0091270942,3,0
0091271013,6,0
0091271077,8,0
0091271341,1,0
0091384194,170,0
0091384200,214,0
0091384225,59,0
0091384225,59,0
0091384225,59,0
0091415958,28,0
0091670705,7,0
0091692204,64,0
0091692217,84,0
0091693243,192,0
0091693325,203,0
0091693419,24,0
0091693433,59,0
0092022573,75,0
0092022616,34,0
0092022628,54,0
0092022630,58,0
0092022709,47,0
0092022724,76,0
0092022788,70,0
0092022790,74,0
0092022806,101,0
0092022858,14,0
0092022903,5,0
0092022994,13,0
0092023038,3,0
0092023041,35,0
0092023108,47,0
0092023123,48,0
0092023135,39,0
0092023148,44,0
0092023150,37,0
0092023218,21,0
0092023232,21,0
0092023245,37,0
0092023257,56,0
0092023269,42,0
0092023284,28,0
0092023315,17,0
0092023339,60,0
0092023342,33,0
0092023381,38,0
0092023393,5,0
0092383200,9,0
0092383237,11,0
0092384102,106,0
0092384115,174,0
0092407088,7,0
0092407090,21,0
0092407282,209,0
0092407294,245,0
0092407300,99,0
0092407421,45,0
0092407473,9,0
0092819226,21,0
0092819514,116,0
0092819565,60,0
0092819880,76,0
0092819923,100,0
0092819975,134,0
0092820099,172,0
0092820145,111,0
0092820202,106,0
0092829594,11,0
0092829746,55,0
0092829758,18,0
0092830013,28,0
0092830134,29,0
0092830229,78,0
0092830268,1,0
0092830271,12,0
0092830283,3,0
0092911597,96,0
0092911616,173,0
0092911630,109,0
0092911694,178,0
0092911712,71,0
0092911724,87,0
0092911736,54,0
0092911749,32,0
0092911751,30,0
0092911788,62,0
0092912135,62,0
0092912162,56,0
0092912175,115,0
0092912187,77,0
0092912220,101,0
0092912269,82,0
0092912284,64,0
0092912296,47,0
0092912339,52,0
0093058412,21,0
0093058573,27,0
0093058585,99,0
0093060124,41,0
0093060136,37,0
0093060190,29,0
0093060221,94,0
0093060233,56,0
0093060246,88,0
0093060260,36,0
0093060370,185,0
0093096725,132,0
0093096810,263,0
0093097367,358,0
0093385777,13,0
0093385807,9,0
0093385810,4,0
0093385917,3,0
0093385929,2,0
0093385968,29,0
0093385971,3,0
0093386002,49,0
0093386015,25,0
0093389364,14,0
0093389419,4,0
0093389421,53,0
0093389446,128,0
0093389458,69,0
0093389516,19,0
0093389555,3,0
0093389567,5,0
0093389570,22,0
0093389582,77,0
0093389600,18,0
0093389773,6,0
0093389843,146,0
0093389882,71,0
0093389900,10,0
0093389913,24,0
0093389937,79,0
0093389952,7,0
0093389964,20,0
0093389977,11,0
0093390000,175,0
0093390013,125,0
0093390025,40,0
0093423241,8,0
0093423265,24,0
0093423280,21,0
0093423323,28,0
0093423335,96,0
0093423348,100,0
0093423635,42,0
0093423650,52,0
0093423675,12,0
0093462278,92,0
0093462323,33,0
0093462335,59,0
0093462375,3,0
0093492480,72,0
0093492492,39,0
0093492535,53,0
0093501448,12,0
0093501450,39,0
0093501475,46,0
0093501487,36,0
0093501518,51,0
0093501545,155,0
0093501557,65,0
0093501596,57,0
0093501615,85,0
0093501639,164,0
0093501642,83,0
0093502422,2,0
0093502434,3,0
0093502568,32,0
0093502583,45,0
0093502722,33,0
0093502747,23,0
0093503119,1,0
0093503133,16,0
0093503228,9,0
0093503230,65,0
0093503243,179,0
0093503952,91,0
0093503989,5,0
0093504008,28,0
0093504023,36,0
0093504035,6,0
0093504050,20,0
0093504062,62,0
0093504087,16,0
0093504215,4,0
0093504254,113,0
0093504266,65,0
0093504309,2,0
0093504324,24,0
0093504336,8,0
0093609692,9,0
0093609707,80,0
0093951229,13,0
0093951231,128,0
0093951271,17,0
0093951283,195,0
0093951295,351,0
0093951301,168,0
0093951314,12,0
0093951326,163,0
0093951341,139,0
0093952352,27,0
0093952364,101,0
0093952377,193,0
0093952419,30,0
0093952433,184,0
0093952446,199,0
0093952458,103,0
0093952473,20,0
0093952485,81,0
0093952497,184,0
0093952503,180,0
0094045821,11,0
0094046038,19,0
0094047025,17,0
0094047037,57,0
0094047064,23,0
0094047091,55,0
0094047134,6,0
0094047174,165,0
0094047186,35,0
0094047326,86,0
0094047338,109,0
0094047341,111,0
0094049099,12,0
0094049105,47,0
0094049118,64,0
0094049120,63,0
0094049279,11,0
0094049688,5,0
0094049705,30,0
0094049769,14,0
0094052201,65,0
0094052238,5,0
0094052387,27,0
0094052404,17,0
0094052417,1,0
0094113887,9,0
0094113899,29,0
0094113918,19,0
0094113957,6,0
0094114140,187,0
0094114152,29,0
0094114247,9,0
0094114259,29,0
0094114261,91,0
0094114286,4,0
0094114317,4,0
0094114329,8,0
0094114331,45,0
0094114344,113,0
0094114356,58,0
0094114395,7,0
0094114617,17,0
0094114629,98,0
0094124660,1,0
0094124685,33,0
0094124702,24,0
0094124742,9,0
0094124766,22,0
0094124781,15,0
0094124812,39,0
0094124836,70,0
0094124849,129,0
0094124890,25,0
0094124906,67,0
0094124921,195,0
0094124933,82,0
0094124946,38,0
0094124958,69,0
0094124960,121,0
0094124973,45,0
0094124985,47,0
0094125068,3,0
0094125071,31,0
0094125095,5,0
0094125126,52,0
0094125138,21,0
0094125141,11,0
0094125153,56,0
0094125165,48,0
0094125178,19,0
0094125192,26,0
0094125208,5,0
0094125275,6,0
0094125287,25,0
0094125332,11,0
0094134292,20,0
0094134308,4,0
0094134311,4,0
0094134323,10,0
0094134362,11,0
0094134387,19,0
0094134399,5,0
0094134404,25,0
0094134417,48,0
0094134429,12,0
0094134456,4,0
0094134468,17,0
0094134471,10,0
0094134483,13,0
0094134501,4,0
0094134541,9,0
0094134580,4,0
0094134592,2,0
0094134608,3,0
0094134611,50,0
0094164208,6,0
0094190621,12,0
0094190658,7,0
0094190660,13,0
0094190779,11,0
0094190781,17,0
0094200832,8,0
0094200857,7,0
0094200896,1,0
0094200915,3,0
0094200927,6,0
0094223586,90,0
0094223598,65,0
0094223604,290,0
0094223617,200,0
0094223629,99,0
0094223695,324,0
0094223725,136,0
0094223789,58,0
0094223791,37,0
0094224860,204,0
0094236860,76,0
0094236982,82,0
0094237001,1,0
0094237026,36,0
0094237038,17,0
0094245361,5,0
0094245386,1,0
0094245398,2,0
0094245403,7,0
0094245416,7,0
0094245443,8,0
0094245482,2,0
0094245494,5,0
0094245537,7,0
0094245540,7,0
0094245589,1,0
0094245607,8,0
0094245610,7,0
0094245703,16,0
0094245716,3,0
0094245730,1,0
0094245743,11,0
0094245770,2,0
0094245782,6,0
0094245794,2,0
0094245800,4,0
0094260781,54,0
0094260793,26,0
0094260809,75,0
0094260812,30,0
0094260824,9,0
0094260836,2,0
0094260851,11,0
0094260876,49,0
0094260888,8,0
0094295526,9,0
0094295580,387,0
0094295650,406,0
0094295662,260,0
0094295675,9,0
0094295699,182,0
0094295717,274,0
0094295729,93,0
0094338098,1,0
0094338129,8,0
0094338156,9,0
0094338183,10,0
0094338241,1,0
0094338253,45,0
0094338280,46,0
0094338292,3,0
0094338308,18,0
0094338311,12,0
0094338323,11,0
0094338335,26,0
0094338348,21,0
0094338362,8,0
0094338399,27,0
0094338404,3,0
0094338431,2,0
0094338468,5,0
0094338471,9,0
0094338483,5,0
0094338501,12,0
0094338514,6,0
0094338541,10,0
0094338580,26,0
0094338623,27,0
0094338635,48,0
0094338648,109,0
0094338650,60,0
0094338662,9,0
0094338795,24,0
0094338814,24,0
0094338838,47,0
0094338841,25,0
0094338853,1,0
0094338865,24,0
0094338878,18,0
0094338880,60,0
0094338892,69,0
0094338911,80,0
0094338923,22,0
0094339540,9,0
0094339564,37,0
0094339577,22,0
0094339589,70,0
0094339610,18,0
0094339634,70,0
0094339647,39,0
0094339659,85,0
0094339661,68,0
0094339674,18,0
0094339877,33,0
0094339889,20,0
0094339910,152,0
0094339934,38,0
0094339959,8,0
0094339961,9,0
0094339986,71,0
0094339998,139,0
0094340035,8,0
0094340048,4,0
0094340050,20,0
0094340087,37,0
0094340099,18,0
0094340120,18,0
0094340132,13,0
0094340145,50,0
0094340157,42,0
0094340169,92,0
0094340172,59,0
0094340184,11,0
0094340202,11,0
0094340227,40,0
0094340239,98,0
0094340242,60,0
0094340254,15,0
0094372740,5,0
0094372791,98,0
0094373066,97,0
0094373079,125,0
0094373109,53,0
0094373163,92,0
0094373188,109,0
0094394224,2,0
0094394236,5,0
0094394249,7,0
0094394276,20,0
0094394288,18,0
0094394290,17,0
0094394306,54,0
0094394319,128,0
0094394321,116,0
0094394373,13,0
0094394402,26,0
0094394415,19,0
0094394427,82,0
0094394454,115,0
0094394633,2,0
0094394658,101,0
0094394660,105,0
0094394673,40,0
0094394697,2,0
0094394702,41,0
0094394715,125,0
0094394727,127,0
0094394742,3,0
0094394766,25,0
0094394779,60,0
0094394781,88,0
0094394812,3,0
0094394836,19,0
0094394851,8,0
0094394863,15,0
0094394876,13,0
0094394890,137,0
0094394919,102,0
0094420991,96,0
0094421008,303,0
0094421011,92,0
0094421048,127,0
0094421050,286,0
0094421062,68,0
0094421087,123,0
0094421105,119,0
0094426559,4,0
0094426561,6,0
0094426598,1,0
0094426604,1,0
0094426629,8,0
0094426631,19,0
0094426656,2,0
0094426683,14,0
0094426725,1,0
0094426822,9,0
0094426917,13,0
0094426944,48,0
0094426956,13,0
0094426968,4,0
0094426983,21,0
0094426995,32,0
0094427002,39,0
0094427015,25,0
0094468134,42,0
0094468159,247,0
0094468161,64,0
0094468217,43,0
0094468229,149,0
0094468244,70,0
0094468256,22,0
0094468268,129,0
0094468283,57,0
0094468295,21,0
0094468314,169,0
0094475947,3,0
0094475959,45,0
0094475961,15,0
0094475998,74,0
0094476018,99,0
0094476020,12,0
0094476045,128,0
0094476057,68,0
0094476084,110,0
0094476096,45,0
0094476115,13,0
0094476139,35,0
0094476142,3,0
0094476166,180,0
0094476179,75,0
0094476360,54,0
0094476385,94,0
0094476402,27,0
0094476415,92,0
0094476427,67,0
0094476442,49,0
0094476466,104,0
0094476479,5,0
0094476512,4,0
0094476536,108,0
0094476549,55,0
0094476551,5,0
0094491178,11,0
0094491223,17,0
0094491235,63,0
0094491248,1,0
0094491250,7,0
0094491262,4,0
0094491275,3,0
0094492737,237,0
0094492777,306,0
0094492886,218,0
0094492898,97,0
0094492917,202,0
0094492931,86,0
0094508617,19,0
0094508629,137,0
0094508644,86,0
0094508656,161,0
0094508668,5,0
0094508683,1,0
0094508725,11,0
0094573321,648,0
0094573333,924,0
0094573360,597,0
0094573373,55,0
0094573385,874,0
0094573397,1403,0
0094573402,208,0
0094573427,1581,0
0094573549,246,0
0094573551,12,0
0094573576,787,0
0094573588,120,0
0094573590,236,0
0094573606,305,0
0094573619,17,0
0094578980,13,0
0094578992,28,0
0094579009,8,0
0094579012,1,0
0094579088,102,0
0094579090,174,0
0094579119,55,0
0094579121,8,0
0094608268,1,0
0094668701,19,0
0094668714,3,0
0094668726,21,0
0094668835,12,0
0094668984,1,0
0094668996,47,0
0094669003,31,0
0094669028,35,0
0094669030,25,0
0094669082,63,0
0094669094,67,0
0094669113,61,0
0094685616,3,0
0094685670,2,0
0094685788,97,0
0094685790,137,0
0094685806,97,0
0094685858,57,0
0094685860,38,0
0094685873,42,0
0094685885,25,0
0094685897,28,0
0094685903,65,0
0094685916,78,0
0094685928,93,0
0094685930,63,0
0094685943,49,0
0094685967,69,0
0094685970,40,0
0094686111,69,0
0094686123,93,0
0094686135,60,0
0094686148,23,0
0094849015,32,0
0094849027,11,0
0094884143,14,0
0094884155,19,0
0094884813,1,0
0094884825,13,0
0094897249,5,0
0094897251,3,0
0094898208,3,0
0094898211,16,0
0094898223,5,0
0094906930,12,0
0094906943,49,0
0094906955,43,0
0094906967,13,0
0094907041,12,0
0094907053,44,0
0094907065,46,0
0094907078,11,0
0094907080,15,0
0094907092,46,0
0094907111,14,0
0094907315,12,0
0094907327,42,0
0094907339,42,0
0094907545,3,0
0094907557,6,0
0094907693,29,0
0094907735,12,0
0094907748,23,0
0094907896,11,0
0094907954,16,0
0094907966,13,0
0094908013,15,0
0094908025,27,0
0094909009,1,0
0094909255,28,0
0094909267,25,0
0094911037,59,0
0094911040,67,0
0094911052,16,0
0094911271,1,0
0094911295,26,0
0094911722,3,0
0094911734,19,0
0094911831,1,0
0094911895,1,0
0094926935,16,0
0094926948,17,0
0094926950,5,0
0094928115,1,0
0094928127,7,0
0094947505,34,0
0094947518,33,0
0094947520,2,0
0094947642,48,0
0094947654,20,0
0094956738,7,0
0094956741,7,0
0094956780,12,0
0094956792,8,0
0094956808,1,0
0094956835,2,0
0094956875,49,0
0094956887,66,0
0094956899,34,0
0094956945,19,0
0094956957,2,0
0094957740,3,0
0094957752,11,0
0094957777,5,0
0094957810,35,0
0094957822,29,0
0094958833,8,0
0094958846,22,0
0094958858,18,0
0094958860,10,0
0094978308,20,0
0094978311,37,0
0094978323,24,0
0094978335,21,0
0094978348,19,0
0094978350,8,0
0094978362,6,0
0094978375,9,0
0094978387,44,0
0094978431,15,0
0094978526,3,0
0095004897,1,0
0095004967,3,0
0095004970,1,0
0095005014,3,0
0095005080,4,0
0095005092,3,0
0095005232,2,0
0095005257,1,0
0095005545,3,0
0095005596,5,0
0095005602,3,0
0095005693,1,0
0095067574,5,0
0095067586,6,0
0095067598,2,0
0095067644,4,0
0095067656,11,0
0095067668,4,0
0095067671,17,0
0095067683,9,0
0095067777,14,0
0095067789,6,0
0095067807,11,0
0095072065,6,0
0095072078,40,0
0095131158,50,0
0095131160,25,0
0095131228,15,0
0095131230,13,0
0095153136,3,0
0095153149,15,0
0095153176,2,0
0095153188,19,0
0095153206,10,0
0095187660,11,0
0095187685,5,0
0095187702,2,0
0095187779,1,0
0095190887,76,0
0095190899,76,0
0095190905,23,0
0095191152,22,0
0095191164,70,0
0095191189,14,0
0095191207,124,0
0095191210,141,0
0095191440,48,0
0095191452,93,0
0095191464,102,0
0095191507,86,0
0095191522,193,0
0095191534,182,0
0095191683,164,0
0095191695,177,0
0095191700,51,0
0095191791,59,0
0095191807,182,0
0095191822,49,0
0095191874,96,0
0095191886,198,0
0095191898,198,0
0095191904,66,0
0095191917,102,0
0095191931,199,0
0095192112,179,0
0095192124,365,0
0095192136,364,0
0095192149,180,0
0095192219,181,0
0095192233,365,0
0095192246,182,0
0095225856,1,0
0095225868,3,0
0095264064,8,0
0095264077,10,0
0095264089,30,0
0095264091,77,0
0095264107,86,0
0095264204,8,0
0095264217,10,0
0095264229,29,0
0095264231,105,0
0095264244,132,0
0095264256,44,0
0095280063,3,0
0095280076,56,0
0095280088,53,0
0095280090,56,0
0095280106,91,0
0095280300,1,0
0095280313,20,0
0095280325,12,0
0095280337,40,0
0095280340,47,0
0095280937,52,0
0095280952,127,0
0095280964,121,0
0095325323,50,0
0095325335,88,0
0095325348,38,0
0095325387,14,0
0095325399,35,0
0095325495,8,0
0095325501,24,0
0095325514,10,0
0095325541,2,0
0095325553,15,0
0095325592,2,0
0095325608,15,0
0095325648,5,0
0095325650,22,0
0095325662,8,0
0095325699,16,0
0095325704,46,0
0095325756,8,0
0095325768,9,0
0095325801,28,0
0095325814,49,0
0095325826,19,0
0095325865,16,0
0095325878,3,0
0095329331,7,0
0095329383,3,0
0095329395,19,0
0095352311,3,0
0095352335,8,0
0095352387,5,0
0095352417,7,0
0095352429,22,0
0095352431,5,0
0095352468,7,0
0095352471,30,0
0095352483,3,0
0095352565,1,0
0095352611,9,0
0095352623,17,0
0095357873,1,0
0095358123,12,0
0095358135,20,0
0095358148,3,0
0095362197,31,0
0095362216,13,0
0095362267,35,0
0095362270,5,0
0095362882,1,0
0095362894,34,0
0095362900,32,0
0095362913,9,0
0095368931,30,0
0095368944,52,0
0095368956,36,0
0095368968,9,0
0095369219,1,0
0095369221,23,0
0095369233,50,0
0095369246,40,0
0095369258,13,0
0095369382,6,0
0095369394,3,0
0095369409,9,0
0095369412,2,0
0095369449,8,0
0095369451,2,0
0095369533,1,0
0095369546,10,0
0095369724,5,0
0095376184,19,0
0095376196,16,0
0095376202,1,0
0095376215,12,0
0095376363,37,0
0095376376,22,0
0095376388,98,0
0095376390,78,0
0095376418,40,0
0095376420,17,0
0095376432,42,0
0095376949,60,0
0095376951,53,0
0095376963,158,0
0095377007,44,0
0095377010,70,0
0095393851,110,0
0095393863,258,0
0095393876,87,0
0095393888,120,0
0095393890,244,0
0095393906,83,0
0095396928,7,0
0095396930,26,0
0095396970,1,0
0095396994,5,0
0095397026,13,0
0095397038,30,0
0095397041,11,0
0095397078,1,0
0095397080,28,0
0095397092,7,0
0095397342,22,0
0095397354,3,0
0095397393,34,0
0095397408,8,0
0095397450,1,0
0095397462,7,0
0095397475,3,0
0095397518,13,0
0095397520,32,0
0095397532,11,0
0095478451,1,0
0095478546,7,0
0095478558,18,0
0095478560,8,0
0095491561,9,0
0095491574,33,0
0095491586,47,0
0095491598,35,0
0095491604,18,0
0095491617,5,0
0095503948,7,0
0095503950,16,0
0095503962,16,0
0095531073,1,0
0095531085,1,0
0095531097,15,0
0095531103,20,0
0095531116,1,0
0095531128,18,0
0095547371,1,0
0095547383,5,0
0095547437,5,0
0095547440,8,0
0095547507,3,0
0095547510,2,0
0095559400,3,0
0095584346,3,0
0095584360,24,0
0095584373,4,0
0095584402,3,0
0095584415,11,0
0095584427,14,0
0095584439,5,0
0095584466,12,0
0095584479,26,0
0095584493,8,0
0095591231,12,0
0095591244,37,0
0095591256,37,0
0095591268,12,0
0095591301,51,0
0095591314,51,0
0095591326,15,0
0095591410,15,0
0095591422,51,0
0095591434,51,0
0095591447,15,0
0095591459,15,0
0095591461,51,0
0095591474,51,0
0095591486,15,0
0095591531,15,0
0095591556,51,0
0095591568,15,0
0095596888,11,0
0095596890,22,0
0095596906,20,0
0095596919,7,0
0095596921,3,0
0095596997,1,0
0095597004,3,0
0095597017,19,0
0095597029,24,0
0095597031,2,0
0095597101,1,0
0095597114,3,0
0095597126,22,0
0095597138,21,0
0095597141,1,0
0095597741,34,0
0095597765,97,0
0095597778,66,0
0095597780,56,0
0095597792,2,0
0095597823,5,0
0095597835,1,0
0095597848,57,0
0095597850,38,0
0095597862,20,0
0095597875,1,0
0095606596,46,0
0095606602,35,0
0095606615,158,0
0095606627,130,0
0095606639,117,0
0095606642,27,0
0095606711,13,0
0095606723,5,0
0095606748,90,0
0095606750,107,0
0095606762,1,0
0095606787,4,0
0095606805,82,0
0095606818,97,0
0095606820,4,0
0095636705,3,0
0095636718,5,0
0095636720,5,0
0095636745,7,0
0095636881,10,0
0095636893,14,0
0095636909,11,0
0095636912,8,0
0095636924,14,0
0095636963,11,0
0095636988,7,0
0095636990,6,0
0095637007,9,0
0095641194,116,0
0095641200,89,0
0095641213,106,0
0095666415,10,0
0095666427,1,0
0095666439,15,0
0095666442,31,0
0095666454,12,0
0095666479,12,0
0095666481,4,0
0095666509,24,0
0095666524,6,0
0095666536,1,0
0095666549,2,0
0095666563,7,0
0095666576,8,0
0095666588,4,0
0095668968,14,0
0095668971,7,0
0095668983,9,0
0095668995,6,0
0095669002,6,0
0095675024,45,0
0095675036,47,0
0095675049,151,0
0095675051,261,0
0095675063,265,0
0095675076,149,0
0095681836,88,0
0095681849,74,0
0095681851,195,0
0095681863,330,0
0095681876,328,0
0095681888,200,0
0095689265,6,0
0095689278,15,0
0095689514,7,0
0095689526,63,0
0095689538,22,0
0095689841,3,0
0095694726,36,0
0095694738,41,0
0095694741,3,0
0095694778,17,0
0095694780,37,0
0095694792,7,0
0095694823,18,0
0095694850,2,0
0095694862,18,0
0095701054,26,0
0095701066,28,0
0095701079,102,0
0095701081,164,0
0095701093,153,0
0095701109,105,0
0095701176,39,0
0095701188,37,0
0095701190,106,0
0095701206,166,0
0095701219,165,0
0095701221,110,0
0095701285,27,0
0095701297,28,0
0095701303,107,0
0095701316,163,0
0095701328,162,0
0095701330,104,0
0095701424,27,0
0095701449,102,0
0095701476,104,0
0095701670,12,0
0095701682,9,0
0095701694,19,0
0095701709,32,0
0095701712,29,0
0095701776,1,0
0095701806,2,0
0095701860,9,0
0095701873,12,0
0095701885,28,0
0095701897,45,0
0095701903,50,0
0095701916,20,0
0095702026,10,0
0095702038,6,0
0095702041,28,0
0095702053,37,0
0095702065,24,0
0095702078,17,0
0095736657,10,0
0095736669,12,0
0095736672,11,0
0095738694,1,0
0095738712,123,0
0095738724,141,0
0095738736,98,0
0095738749,5,0
0095738751,2,0
0095738763,86,0
0095738776,162,0
0095738790,89,0
0095738806,6,0
0095738821,100,0
0095738833,182,0
0095738846,185,0
0095738858,113,0
0095738860,4,0
0095754942,5,0
0095754979,19,0
0095754981,12,0
0095754993,3,0
0095759170,37,0
0095759182,7,0
0095759200,48,0
0095759213,24,0
0095759225,9,0
0095761622,1,0
0095761634,1,0
0095762590,71,0
0095762606,53,0
0095762619,132,0
0095762621,245,0
0095762633,216,0
0095762646,62,0
0095765151,18,0
0095765163,2,0
0095765246,29,0
0095765258,20,0
0095765260,65,0
0095765273,146,0
0095765285,153,0
0095765297,102,0
0095765330,12,0
0095765343,10,0
0095767868,78,0
0095767871,32,0
0095767883,46,0
0095767895,36,0
0095767901,187,0
0095767914,94,0
0095767926,13,0
0095768036,21,0
0095808885,1,0
0095808897,11,0
0095808903,17,0
0095808928,15,0
0095809053,13,0
0095809065,11,0
0095809078,15,0
0095809080,7,0
0095841830,27,0
0095841843,83,0
0095841855,29,0
0095841882,67,0
0095841894,119,0
0095841937,74,0
0095841940,166,0
0095841952,80,0
0095841991,141,0
0095842008,43,0
0095842035,113,0
0095842048,179,0
0095842050,93,0
0095842309,52,0
0095842312,45,0
0095842324,89,0
0095842336,159,0
0095842349,153,0
0095842351,76,0
0095859400,31,0
0095859413,21,0
0095859437,76,0
0095859440,79,0
0095859452,210,0
0095859464,142,0
0095859489,7,0
0095859510,35,0
0095859522,67,0
0095859534,46,0
0095870495,40,0
0095870501,25,0
0095870526,71,0
0095877707,5,0
0095895252,716,0
0095929222,123,0
0095929234,157,0
0095929247,63,0
0095929259,19,0
0095929261,76,0
0095929274,108,0
0095929286,45,0
0095930083,79,0
0095930095,81,0
0095930126,253,0
0095930138,160,0
0095930141,88,0
0095930153,52,0
0095930165,60,0
0095930178,136,0
0095930180,125,0
0095930192,217,0
0095930208,124,0
0095930211,69,0
0095930875,10,0
0095930887,25,0
0095930899,11,0
0095930918,74,0
0095930920,85,0
0095930932,67,0
0095930957,55,0
0095930969,61,0
0095930972,34,0
0095930984,1,0
0095930996,85,0
0095931016,66,0
0095931030,49,0
0095931043,65,0
0095931055,71,0
0095931070,3,0
0095931082,27,0
0095931094,15,0
0095933572,37,0
0095933584,20,0
0095933596,61,0
0095933602,73,0
0095933615,19,0
0095933708,45,0
0095933711,50,0
0095933723,111,0
0095933735,94,0
0095933748,47,0
0095933775,41,0
0095933787,33,0
0095933805,70,0
0095933818,29,0
0095933845,8,0
0095933869,12,0
0095933872,20,0
0095933884,8,0
0095933896,2,0
0095936184,20,0
0095936196,16,0
0095936202,19,0
0095936215,23,0
0095936227,12,0
0095936239,30,0
0095936242,15,0
0095936254,13,0
0095938097,5,0
0095938103,11,0
0095938116,7,0
0095938128,10,0
0095938130,13,0
0095938143,5,0
0095938155,13,0
0095938167,15,0
0095938170,5,0
0095938182,18,0
0095938194,16,0
0095938200,13,0
0095938213,17,0
0095938361,5,0
0095938374,13,0
0095938386,15,0
0095938398,20,0
0095938403,20,0
0095938416,10,0
0095938428,23,0
0095938430,15,0
0095938455,14,0
0095938467,20,0
0095938470,15,0
0095938482,15,0
0095938513,3,0
0095938537,18,0
0095938540,19,0
0095938552,18,0
0095938564,14,0
0095938577,5,0
0095938589,16,0
0095938591,13,0
0095938610,17,0
0095938622,15,0
0095938634,15,0
0095938647,15,0
0095938659,3,0
0095938674,16,0
0095938686,14,0
0095938698,14,0
0095938703,14,0
0095938730,16,0
0095938755,16,0
0095938767,18,0
0095938770,17,0
0095938782,16,0
0095938910,15,0
0095938922,9,0
0095938934,23,0
0095938947,26,0
0095938961,11,0
0095938974,9,0
0095938986,19,0
0095938998,19,0
0095939020,15,0
0095939032,8,0
0095939045,18,0
0095939057,24,0
0095939069,9,0
0095939115,11,0
0095939127,17,0
0095939139,9,0
0095939142,18,0
0095939154,7,0
0095946108,1,0
0095946111,26,0
0095946123,27,0
0095946135,4,0
0095946218,9,0
0095946220,28,0
0095946245,7,0
0095954524,20,0
0095954536,1,0
0095954549,44,0
0095954551,181,0
0095954576,48,0
0095954588,183,0
0095954590,60,0
0095954697,7,0
0095954702,37,0
0095954715,12,0
0095989168,5,0
0095989171,16,0
0095989183,16,0
0095989195,14,0
0095989201,3,0
0095989238,2,0
0095989241,1,0
0095989253,2,0
0095989292,3,0
0095989308,6,0
0095989311,16,0
0095989323,11,0
0095989335,8,0
0095989348,1,0
0095989350,3,0
0095989362,7,0
0095989375,15,0
0095989387,10,0
0095989399,4,0
0095989404,1,0
0095994765,1,0
0095994778,5,0
0095994780,1,0
0095994850,3,0
0095994862,5,0
0095996190,47,0
0095996206,5,0
0095996303,1,0
0095996316,19,0
0095996328,1,0
0095996451,7,0
0095996463,38,0
0095996476,19,0
0095999267,5,0
0095999270,25,0
0095999282,2,0
0096017053,10,0
0096017065,52,0
0096017078,70,0
0096017080,54,0
0096017092,20,0
0096017108,1,0
0096017175,8,0
0096017187,36,0
0096017199,72,0
0096017205,41,0
0096017218,11,0
0096017220,7,0
0096017296,22,0
0096017302,64,0
0096017315,98,0
0096017327,73,0
0096017339,14,0
0096017342,7,0
0096017354,11,0
0096017366,48,0
0096017379,87,0
0096017381,63,0
0096017393,14,0
0096017408,7,0
0096027671,91,0
0096027683,130,0
0096027695,159,0
0096027700,73,0
0096027898,91,0
0096027904,136,0
0096027917,125,0
0096027929,82,0
0096028328,106,0
0096028330,192,0
0096028343,197,0
0096028355,111,0
0096028449,80,0
0096028451,110,0
0096028463,106,0
0096028476,61,0
0096028670,129,0
0096028682,184,0
0096028694,183,0
0096028709,123,0
0096030039,22,0
0096030042,88,0
0096030054,154,0
0096030066,160,0
0096030079,83,0
0096030081,14,0
0096030093,25,0
0096030109,94,0
0096030112,161,0
0096030124,152,0
0096030136,65,0
0096030149,18,0
0096031111,25,0
0096031123,97,0
0096031135,178,0
0096031148,165,0
0096031150,74,0
0096031162,20,0
0096031175,27,0
0096031187,94,0
0096031199,169,0
0096031205,173,0
0096031218,79,0
0096031220,18,0
0096033294,29,0
0096033300,16,0
0096033313,45,0
0096033325,39,0
0096033337,6,0
0096037646,20,0
0096037658,35,0
0096037660,4,0
0096037727,26,0
0096037739,35,0
0096037742,8,0
0096049225,6,0
0096049237,28,0
0096049240,63,0
0096049252,58,0
0096049264,34,0
0096049277,6,0
0096049289,9,0
0096049291,23,0
0096049307,44,0
0096049310,50,0
0096049322,26,0
0096049334,3,0
0096062117,33,0
0096062129,111,0
0096062131,178,0
0096062144,176,0
0096062156,94,0
0096062168,28,0
0096062171,7,0
0096062183,73,0
0096062195,96,0
0096062201,106,0
0096062214,40,0
0096062226,8,0
0096062238,2,0
0096062241,34,0
0096062253,45,0
0096062265,34,0
0096062278,24,0
0096062292,9,0
0096062308,56,0
0096062311,103,0
0096062323,76,0
0096062335,47,0
0096062348,9,0
0096062538,9,0
0096062541,92,0
0096062553,78,0
0096062565,140,0
0096062578,165,0
0096062580,23,0
0096062592,20,0
0096062608,96,0
0096062611,78,0
0096062623,189,0
0096062635,192,0
0096062648,24,0
0096062650,13,0
0096062662,76,0
0096062675,57,0
0096062687,112,0
0096062699,129,0
0096062704,14,0
0096065153,21,0
0096065165,16,0
0096065178,20,0
0096065180,21,0
0096065192,63,0
0096065208,71,0
0096065211,21,0
0096065223,21,0
0096068315,21,0
0096068327,68,0
0096068339,76,0
0096068342,110,0
0096068354,122,0
0096068366,70,0
0096068379,22,0
0096068393,23,0
0096068408,75,0
0096068411,74,0
0096068423,120,0
0096068435,115,0
0096068448,79,0
0096068450,21,0
0096068462,11,0
0096068475,38,0
0096068487,33,0
0096068499,48,0
0096068505,51,0
0096068518,35,0
0096068520,9,0
0096068884,47,0
0096068896,87,0
0096068902,80,0
0096068915,7,0
0096068939,1,0
0096068942,52,0
0096068954,96,0
0096068966,83,0
0096068979,1,0
0096068981,1,0
0096068993,51,0
0096069000,79,0
0096069013,74,0
0096069025,3,0
0096069052,20,0
0096069064,78,0
0096069077,57,0
0096069089,1,0
0096069283,13,0
0096069295,15,0
0096069314,59,0
0096069326,32,0
0096069338,3,0
0096069353,24,0
0096069365,15,0
0096069378,41,0
0096069380,8,0
0096078320,3,0
0096078332,33,0
0096078345,81,0
0096078357,54,0
0096079834,45,0
0096079847,38,0
0096079859,172,0
0096079861,163,0
0096079874,167,0
0096079886,38,0
0096079898,22,0
0096079904,20,0
0096079917,114,0
0096079929,105,0
0096079931,107,0
0096079944,17,0
0096116594,77,0
0096116600,90,0
0096116613,71,0
0096116640,49,0
0096116652,73,0
0096116664,34,0
0096116691,50,0
0096116706,87,0
0096116719,56,0
0096116733,1,0
0096116746,42,0
0096116758,49,0
0096116760,33,0
0096116816,49,0
0096116828,81,0
0096116830,42,0
0096143894,1,0
0096143913,4,0
0096143925,8,0
0096143937,71,0
0096143940,36,0
0096143952,27,0
0096144075,13,0
0096144099,29,0
0096144105,17,0
0096144118,77,0
0096144120,31,0
0096144132,13,0
0096144309,1,0
0096144312,4,0
0096144324,57,0
0096144336,25,0
0096144349,21,0
0096166122,3,0
0096166134,4,0
0096166147,26,0
0096166159,29,0
0096166161,25,0
0096166174,30,0
0096172729,12,0
0096172731,14,0
0096172744,11,0
0096172756,48,0
0096172768,46,0
0096172771,129,0
0096172783,86,0
0096172795,13,0
0096172801,16,0
0096172814,12,0
0096172826,38,0
0096172838,34,0
0096172841,80,0
0096172853,52,0
0096172865,11,0
0096172878,13,0
0096172880,10,0
0096172892,42,0
0096172908,39,0
0096172911,71,0
0096172923,35,0
0096172935,23,0
0096172948,11,0
0096172950,10,0
0096172962,53,0
0096172975,32,0
0096172987,70,0
0096172999,35,0
0096212914,37,0
0096212926,105,0
0096212938,102,0
0096212941,24,0
0096212953,69,0
0096212965,163,0
0096212978,197,0
0096212980,56,0
0096212992,88,0
0096213009,182,0
0096213012,165,0
0096213024,44,0
0096213036,65,0
0096213049,143,0
0096213051,158,0
0096213063,38,0
0096213088,50,0
0096213090,116,0
0096213106,117,0
0096213119,34,0
0096213146,44,0
0096213158,147,0
0096213160,136,0
0096213173,30,0
0096213185,57,0
0096213197,120,0
0096213203,132,0
0096213216,41,0
0096213228,45,0
0096213230,117,0
0096213243,108,0
0096213255,44,0
0096213267,70,0
0096213270,146,0
0096213282,131,0
0096213294,51,0
0096213300,69,0
0096213313,187,0
0096213325,180,0
0096213337,69,0
0096213340,75,0
0096213352,167,0
0096213364,177,0
0096213377,57,0
0096213406,55,0
0096213419,125,0
0096213421,120,0
0096213433,25,0
0096213446,52,0
0096213458,132,0
0096213460,126,0
0096213473,47,0
0096213485,34,0
0096213497,72,0
0096213503,99,0
0096213516,27,0
0096233752,7,0
0096233791,5,0
0096233807,10,0
0096233834,7,0
0096233847,13,0
0096233874,11,0
0096233886,9,0
0096233917,9,0
0096233929,8,0
0096234221,7,0
0096234233,24,0
0096234246,28,0
0096234258,13,0
0096234260,5,0
0096234273,20,0
0096234285,18,0
0096234297,11,0
0096234303,12,0
0096234316,26,0
0096234328,32,0
0096234330,11,0
0096234343,9,0
0096234355,24,0
0096234367,31,0
0096234370,11,0
0096262942,22,0
0096262954,46,0
0096262966,21,0
0096279999,10,0
0096284208,23,0
0096284211,23,0
0096284223,27,0
0096284918,18,0
0096284920,27,0
0096284932,25,0
0096287245,14,0
0096287257,20,0
0096287269,22,0
0096287272,4,0
0096287284,10,0
0096287296,16,0
0096287342,6,0
0096287354,6,0
0096287366,18,0
0096310582,9,0
0096310594,5,0
0096310600,13,0
0096310652,5,0
0096310664,34,0
0096310677,45,0
0096310689,11,0
0096337264,12,0
0096337277,8,0
0096337289,23,0
0096337291,28,0
0096337540,24,0
0096337552,12,0
0096337564,52,0
0096337577,55,0
0096341096,42,0
0096341102,33,0
0096341115,36,0
0096341127,42,0
0096341139,59,0
0096341142,76,0
0096341154,40,0
0096341166,46,0
0096364130,18,0
0096364143,76,0
0096364155,146,0
0096364167,102,0
0096364170,52,0
0096364182,9,0
0096364200,19,0
0096364213,82,0
0096364225,130,0
0096364237,107,0
0096364240,61,0
0096364252,14,0
0096373244,17,0
0096373256,36,0
0096373268,6,0
0096373314,26,0
0096373326,32,0
0096373338,7,0
0096382395,16,0
0096382400,65,0
0096382413,99,0
0096382425,95,0
0096382437,32,0
0096382440,5,0
0096393095,1,0
0096393101,11,0
0096393114,13,0
0096393126,13,0
0096393138,12,0
0096393141,12,0
0096393165,1,0
0096404879,6,0
0096404881,6,0
0096404893,28,0
0096404909,57,0
0096404912,70,0
0096404936,10,0
0096405086,12,0
0096405098,10,0
0096405104,38,0
0096405117,106,0
0096405129,105,0
0096405131,10,0
0096405144,14,0
0096405168,9,0
0096405171,4,0
0096405183,55,0
0096405195,98,0
0096405201,107,0
0096405214,7,0
0096405226,15,0
0096409737,4,0
0096409740,21,0
0096409752,49,0
0096409764,29,0
0096409777,9,0
0096410358,7,0
0096410360,19,0
0096410373,2,0
0096410415,7,0
0096410427,1,0
0096410754,9,0
0096410766,5,0
0096410779,23,0
0096410781,10,0
0096410793,8,0
0096415544,2,0
0096415556,8,0
0096415568,15,0
0096415571,14,0
0096415638,3,0
0096415641,1,0
0096417936,10,0
0096417949,8,0
0096417951,13,0
0096417963,9,0
0096417976,27,0
0096417988,5,0
0096417990,8,0
0096471720,5,0
0096471732,73,0
0096471745,158,0
0096471757,83,0
0096471769,10,0
0096471881,7,0
0096471893,64,0
0096471909,137,0
0096471912,62,0
0096471924,7,0
0096471936,12,0
0096471949,71,0
0096471951,144,0
0096471963,77,0
0096471976,10,0
0096475548,5,0
0096475550,38,0
0096475562,87,0
0096475575,51,0
0096475587,9,0
0096475632,7,0
0096475645,48,0
0096475657,87,0
0096475669,51,0
0096475672,9,0
0096475738,5,0
0096475741,47,0
0096475753,87,0
0096475765,51,0
0096475778,9,0
0096475848,3,0
0096475850,35,0
0096475862,70,0
0096475875,39,0
0096475887,8,0
0096475899,1,0
0096475905,35,0
0096475918,70,0
0096475920,39,0
0096475932,9,0
0096481013,9,0
0096481037,24,0
0096481040,23,0
0096481052,45,0
0096481064,26,0
0096481077,8,0
0096481091,8,0
0096481110,26,0
0096481122,21,0
0096481134,44,0
0096481147,25,0
0096481159,8,0
0096481174,8,0
0096481186,8,0
0096481198,22,0
0096481204,24,0
0096481231,8,0
0096481410,5,0
0096481434,23,0
0096481447,24,0
0096481459,38,0
0096481461,23,0
0096481474,6,0
0096481498,3,0
0096481517,14,0
0096481529,20,0
0096481531,31,0
0096481544,18,0
0096481556,2,0
0096490671,12,0
0096490683,114,0
0096490695,142,0
0096490700,47,0
0096490834,38,0
0096490847,170,0
0096490859,180,0
0096490861,41,0
0096491943,27,0
0096491955,81,0
0096491967,80,0
0096491970,23,0
0096492080,28,0
0096492092,114,0
0096492108,112,0
0096492111,31,0
0096492123,22,0
0096492135,93,0
0096492148,107,0
0096492150,32,0
0096522436,2,0
0096522449,2,0
0096522451,2,0
0096522463,3,0
0096522476,6,0
0096522488,19,0
0096522490,8,0
0096540076,4,0
0096540088,12,0
0096540090,19,0
0096540106,4,0
0096549829,25,0
0096549831,40,0
0096549844,86,0
0096549856,259,0
0096549868,75,0
0096549871,21,0
0096556512,32,0
0096556549,31,0
0096601154,54,0
0096601166,173,0
0096601179,180,0
0096601181,72,0
0096617573,16,0
0096617585,80,0
0096617597,95,0
0096617603,37,0
0096617616,73,0
0096617628,183,0
0096617630,202,0
0096617643,71,0
0096659691,25,0
0096659706,122,0
0096659719,139,0
0096659721,52,0
0096784195,26,0
0096784201,10,0
0096784214,23,0
0096784226,16,0
0096784238,44,0
0096784241,8,0
0096784253,12,0
0096784265,24,0
0096784278,25,0
0096784280,23,0
0096784292,28,0
0096784308,73,0
0096784311,34,0
0096784323,16,0
0097028065,169,0
0097028078,254,0
0097028080,255,0
0097028092,169,0
0097028111,155,0
0097028123,237,0
0097028135,235,0
0097028148,155,0
0097028150,119,0
0097028162,183,0
0097028175,182,0
0097028187,119,0
0097054002,5,0
0097054015,17,0
0097054027,15,0
0097054039,7,0
0097081970,4,0
0097081982,12,0
0097081994,23,0
0097082001,20,0
0097082014,9,0
0097082026,3,0
0097082041,4,0
0097082053,11,0
0097082065,17,0
0097082078,18,0
0097082080,5,0
0097082092,1,0
0097082111,4,0
0097082135,12,0
0097082148,15,0
0097082150,20,0
0097082162,7,0
0097082175,3,0
0097186778,21,0
0097186780,114,0
0097186792,220,0
0097186808,177,0
0097186811,66,0
0097186850,15,0
0097186862,93,0
0097186875,169,0
0097186887,135,0
0097186899,48,0
0097186969,4,0
0097186972,11,0
0097186984,21,0
0097186996,17,0
0097187003,6,0
0097187789,32,0
0097187791,150,0
0097187807,259,0
0097187810,195,0
0097187822,73,0
0097187834,24,0
0097187847,126,0
0097187859,220,0
0097187861,171,0
0097187874,57,0
0097187886,4,0
0097187898,11,0
0097187904,16,0
0097187917,13,0
0097187929,5,0
0097188490,19,0
0097188506,140,0
0097188519,213,0
0097188521,172,0
0097188533,54,0
0097188630,3,0
0097188643,12,0
0097188655,17,0
0097188667,14,0
0097188670,5,0
0056361110,1,0
0091271256,1,0
0032448426,1,0
0056361231,1,0
0056361134,1,0
0054483832,1,0
0032448480,1,0
0087538454,1,0
0095931477,1,0
0069851901,1,0
0056361161,1,0
0049165007,1,0
0054483845,1,0
0039045030,1,0
0056361256,1,0
0056361122,1,0
0095841977,1,0
0039045028,1,0
0091271052,1,0
0080715726,1,0
0081688459,1,0
0080715792,1,0
0081688186,1,0
0081683397,1,0
0080579639,1,0
0081689049,1,0
0081688844,1,0
0081688817,1,0
0080999751,1,0
0054488947,1,0
0069852964,1,0
0081688392,1,0
0032448478,1,0
0045121428,1,0
0081683890,1,0
0077082195,1,0
0069851710,1,0
0081684029,1,0
0085118289,1,0
0077082226,1,0
0077082350,1,0
0081688410,1,0
0087133067,1,0
0084486397,1,0
0069853172,1,0
0081688268,1,0
0038359425,1,0
0048108532,1,0
0080579805,1,0
0087140582,1,0
0081684031,1,0
0069851895,1,0
0087133028,1,0
0086663973,1,0
0032448535,1,0
0085087155,1,0
0059812035,1,0
0086247844,1,0
0085381043,1,0
0085382749,1,0
0086602643,1,0
0081688378,1,0
0087134476,1,0
0085953738,1,0
0059811625,1,0
0087133070,1,0
0069851474,1,0
0082539803,1,0
0088516394,1,0
0087134490,1,0
0080579787,1,0
0084486402,1,0
0085380345,1,0
0061019578,1,0
0087970556,1,0
0049164988,1,0
0094426700,1,0
0087140637,1,0
0081683919,1,0
0087134246,1,0
0087133971,1,0
0087099957,1,0
0054483818,1,0
0084486385,1,0
0052298650,1,0
0077082214,1,0
0082273563,1,0
0075505423,1,0
0080331907,1,0
0081688461,1,0
0038359440,1,0
0049164990,1,0
0059811719,1,0
0075505408,1,0
0087133929,1,0
0056361271,1,0
0066733158,1,0
0087134027,1,0
0052298648,1,0
0081684178,1,0
0032448508,1,0
0091270993,1,0
0091081239,1,0
0085953701,1,0
0084486306,1,0
0087099969,1,0
0088254822,1,0
0087538385,1,0
0096166198,1,0
0042956179,1,0
0081684017,1,0
0081688365,1,0
0061019592,1,0
0080715714,1,0
0081688204,1,0
0090766591,1,0
0069851759,1,0
0087099862,1,0
0080331770,1,0
0090052111,1,0
0090053938,1,0
0056361174,1,0
0056361159,1,0
0091270448,1,0
0081688474,1,0
0081683619,1,0
0084486319,1,0
0095701790,1,0
0091270639,1,0
0081683358,1,0
0081683863,1,0
0080579723,1,0
0081689009,1,0
0091271064,1,0
0080715701,1,0
0086664004,1,0
0088271302,1,0
0085087116,1,0
0069851786,1,0
0089796751,1,0
0088254631,1,0
0080331755,1,0
0087133983,1,0
0080579499,1,0
0087538536,1,0
0069851804,1,0
0059812008,1,0
0091270896,1,0
0091271380,1,0
0092022603,1,0
0059812048,1,0
0091270915,1,0
0080999885,1,0
0080579518,1,0
0091270857,1,0
0089833496,1,0
0091693203,1,0
0091693230,1,0
0091270584,1,0
0059811760,1,0
0092022967,1,0
0083057805,1,0
0087140567,1,0
0092407460,1,0
0081684165,1,0
0091081266,1,0
0069853324,1,0
0069853293,1,0
0080579735,1,0
0087538439,1,0
0090050425,1,0
0081683251,1,0
0090050413,1,0
0054483805,1,0
0087134370,1,0
0091270487,1,0
0088516367,1,0
0059811925,1,0
0087134858,1,0
0092023302,1,0
0082539867,1,0
0080579820,1,0
0092023520,1,0
0059811882,1,0
0069851734,1,0
0085087264,1,0
0092022712,1,0
0091270450,1,0
0082539937,1,0
0092383213,1,0
0091270679,1,0
0092022885,1,0
0069851486,1,0
0069851856,1,0
0087191760,1,0
0080579487,1,0
0087134273,1,0
0090050440,1,0
0087191773,1,0
0088802234,1,0
0081688965,1,0
0081683836,1,0
0091270939,1,0
0081688244,1,0
0069851498,1,0
0092383194,1,0
0087134015,1,0
0081683985,1,0
0092022694,1,0
0087099905,1,0
0092830122,1,0
0069853363,1,0
0085087200,1,0
0086247831,1,0
0090766577,1,0
0092819987,1,0
0091693313,1,0
0077082417,1,0
0032448453,1,0
0092820157,1,0
0080715920,1,0
0077082265,1,0
0092407458,1,0
0087133931,1,0
0084486276,1,0
0087970595,1,0
0092023065,1,0
0091270845,1,0
0081688107,1,0
0080715945,1,0
0091271159,1,0
0091270711,1,0
0081683727,1,0
0080715808,1,0
0056361244,1,0
0042956139,1,0
0081683333,1,0
0092022860,1,0
0081684153,1,0
0092384127,1,0
0059811691,1,0
0081683276,1,0
0080715753,1,0
0059811989,1,0
0081688868,1,0
0087134819,1,0
0081688529,1,0
0054489057,1,0
0092022763,1,0
0069853023,1,0
0092022846,1,0
0085087182,1,0
0038359452,1,0
0088802261,1,0
0077082348,1,0
0081684095,1,0
0081688422,1,0
0080715850,1,0
0093504242,1,0
0093503940,1,0
0093423308,1,0
0087134436,1,0
0091270693,1,0
0059811952,1,0
0091271040,1,0
0088271284,1,0
0092911655,1,0
0085953753,1,0
0059812023,1,0
0092023272,1,0
0088516382,1,0
0061019608,1,0
0085953684,1,0
0052298623,1,0
0091692229,1,0
0091270666,1,0
0054489127,1,0
0089136579,1,0
0087970461,1,0
0088516370,1,0
0081688901,1,0
0095933627,1,0
0081683590,1,0
0087140497,1,0
0087099823,1,0
0054483857,1,0
0084486333,1,0
0092383225,1,0
0077082404,1,0
0092022670,1,0
0093389797,1,0
0092407485,1,0
0054488974,1,0
0032448550,1,0
0066733146,1,0
0080999955,1,0
0091693446,1,0
0087970583,1,0
0080999821,1,0
0093389803,1,0
0093389389,1,0
0088271296,1,0
0066733160,1,0
0085120564,1,0
0090766537,1,0
0077082292,1,0
0091271161,1,0
0069851517,1,0
0080999967,1,0
0091081227,1,0
0093385874,1,0
0088802082,1,0
0092022736,1,0
0091384213,1,0
0092022776,1,0
0092023296,1,0
0092407337,1,0
0085087046,1,0
0081683576,1,0
0092912148,1,0
0092022833,1,0
0092022749,1,0
0092911682,1,0
0032448511,1,0
0092407106,1,0
0093389828,1,0
0093423253,1,0
0080579520,1,0
0087970571,1,0
0082539746,1,0
0092022821,1,0
0091693458,1,0
0081688161,1,0
0088271272,1,0
0081683658,1,0
0091693340,1,0
0080999897,1,0
0080579748,1,0
0032512844,1,0
0093462308,1,0
0093492523,1,0
0080331922,1,0
0092022916,1,0
0054489045,1,0
0092022667,1,0
0081684126,1,0
0093609734,1,0
0077326710,1,0
0069851938,1,0
0087538397,1,0
0085087060,1,0
0080999858,1,0
0081683346,1,0
0092820048,1,0
0093952516,1,0
0092023327,1,0
0081684114,1,0
0092912218,1,0
0087133898,1,0
0081688517,1,0
0091270545,1,0
0087134451,1,0
0093389543,1,0
0092911709,1,0
0092911628,1,0
0081683209,1,0
0093389473,1,0
0091270820,1,0
0092911585,1,0
0092023001,1,0
0085087021,1,0
0087134163,1,0
0081688229,1,0
0081684083,1,0
0069853145,1,0
0087134930,1,0
0087099918,1,0
0080999903,1,0
0086711819,1,0
0080999806,1,0
0056361089,1,0
0081688159,1,0
0077082253,1,0
0091081242,1,0
0093503267,1,0
0094047161,1,0
0094049432,1,0
0087134285,1,0
0094125318,1,0
0093389925,1,0
0093502459,1,0
0087140516,1,0
0090766607,1,0
0093502517,1,0
0093501627,1,0
0092407270,1,0
0092407433,1,0
0095636732,1,0
0094134444,1,0
0085087058,1,0
0094224506,1,0
0092023379,1,0
0085087167,1,0
0091270505,1,0
0094049132,1,0
0093060667,1,0
0092819999,1,0
0094114631,1,0
0080579750,1,0
0092022751,1,0
0080999994,1,0
0092819580,1,0
0084486290,1,0
0094124673,1,0
0087099899,1,0
0091270799,1,0
0093389989,1,0
0069853035,1,0
0094049266,1,0
0081683646,1,0
0038359522,1,0
0085087019,1,0
0094223713,1,0
0054488910,1,0
0093462280,1,0
0092022819,1,0
0087134367,1,0
0085118130,1,0
0094134375,1,0
0094113932,1,0
0094047089,1,0
0081688883,1,0
0077082399,1,0
0059811940,1,0
0093952391,1,0
0046083134,1,0
0084486415,1,0
0081688174,1,0
0092911573,1,0
0069853157,1,0
0081683288,1,0
0069851953,1,0
0054483799,1,0
0054489020,1,0
0084486288,1,0
0059811894,1,0
0088802094,1,0
0092407497,1,0
0087191785,1,0
0092022655,1,0
0080579627,1,0
0081000011,1,0
0059811900,1,0
0093501505,1,0
0094223777,1,0
0093609710,1,0
0080579799,1,0
0087133152,1,0
0093504011,1,0
0038359437,1,0
0081683306,1,0
0083057832,1,0
0093060285,1,0
0090052092,1,0
0085380453,1,0
0087134897,1,0
0094049254,1,0
0089796776,1,0
0069853242,1,0
0093502447,1,0
0094114586,1,0
0094468147,1,0
0094373054,1,0
0092912150,1,0
0081688407,1,0
0088802259,1,0
0094394824,1,0
0094124697,1,0
0093389867,1,0
0094124754,1,0
0077082280,1,0
0081683263,1,0
0094114383,1,0
0092912245,1,0
0093504048,1,0
0091270435,1,0
0093385752,1,0
0094245686,1,0
0094338226,1,0
0081684044,1,0
0087134903,1,0
0059811640,1,0
0094134131,1,0
0094114125,1,0
0088802247,1,0
0056361091,1,0
0081684138,1,0
0094200869,1,0
0069851595,1,0
0094338565,1,0
0093609722,1,0
0093501462,1,0
0092384139,1,0
0094338908,1,0
0093096898,1,0
0080999860,1,0
0082539719,1,0
0094476005,1,0
0091693337,1,0
0094468231,1,0
0069851868,1,0
0091081215,1,0
0080715969,1,0
0092830000,1,0
0093060616,1,0
0092912327,1,0
0087140530,1,0
0094114274,1,0
0087134394,1,0
0094476032,1,0
0080331910,1,0
0094245467,1,0
0093389830,1,0
0069851707,1,0
0094052226,1,0
0094134168,1,0
0093492508,1,0
0083057857,1,0
0093423278,1,0
0091270869,1,0
0091693216,1,0
0081683906,1,0
0094114304,1,0
0081688447,1,0
0094295471,1,0
0094047365,1,0
0093503991,1,0
0091270872,1,0
0094223574,1,0
0069851638,1,0
0086663985,1,0
0069851626,1,0
0094114644,1,0
0094245674,1,0
0094124919,1,0
0081683466,1,0
0081688829,1,0
0093385983,1,0
0039045016,1,0
0093385822,1,0
0093096859,1,0
0094426810,1,0
0094133705,1,0
0093423648,1,0
0069851653,1,0
0094338578,1,0
0092023078,1,0
0087134039,1,0
0091693421,1,0
0094339591,1,0
0094426929,1,0
0056361147,1,0
0091271186,1,0
0069851926,1,0
0085087143,1,0
0092912257,1,0
0094124824,1,0
0093423623,1,0
0059811567,1,0
0069853239,1,0
0080579615,1,0
0094476373,1,0
0094047107,1,0
0087538402,1,0
0094340011,1,0
0093501532,1,0
0081683512,1,0
0094124715,1,0
0094223700,1,0
0094394646,1,0
0092023080,1,0
0091081349,1,0
0077082278,1,0
0092829600,1,0
0094426807,1,0
0092022643,1,0
0094049745,1,0
0094394333,1,0
0093462241,1,0
0069851831,1,0
0094124997,1,0
0094260779,1,0
0094052214,1,0
0094476509,1,0
0069851992,1,0
0092023014,1,0
0094295514,1,0
0094476454,1,0
0094049242,1,0
0091270557,1,0
0094200902,1,0
0087134219,1,0
0088254764,1,0
0089796736,1,0
0093952421,1,0
0094685628,1,0
0069851871,1,0
0094245813,1,0
0094295592,1,0
0091692198,1,0
0054488959,1,0
0092023026,1,0
0093389594,1,0
0083057818,1,0
0087970459,1,0
0093504281,1,0
0094125320,1,0
0094394888,1,0
0094245661,1,0
0080715862,1,0
0092023366,1,0
0093389433,1,0
0080715957,1,0
0069851980,1,0
0091384182,1,0
0038359510,1,0
0094338117,1,0
0088802207,1,0
0081684056,1,0
0094125114,1,0
0093389503,1,0
0094245577,1,0
0081683551,1,0
0094047110,1,0
0093502410,1,0
0094224858,1,0
0094426695,1,0
0094134578,1,0
0094260863,1,0
0094125299,1,0
0081683633,1,0
0091271025,1,0
0080579775,1,0
0093389340,1,0
0093389377,1,0
0091693228,1,0
0094114598,1,0
0093503216,1,0
0085087170,1,0
0094394263,1,0
0094124863,1,0
0094049690,1,0
0061019580,1,0
0080331934,1,0
0094338278,1,0
0094394849,1,0
0094245430,1,0
0092829613,1,0
0093423350,1,0
0093385791,1,0
0094492764,1,0
0094295495,1,0
0080579832,1,0
0059811785,1,0
0069851544,1,0
0094245698,1,0
0092407340,1,0
0094426574,1,0
0093389816,1,0
0059811758,1,0
0094492789,1,0
0094685682,1,0
0094260849,1,0
0094295483,1,0
0080579818,1,0
0087191758,1,0
0087133886,1,0
0088254725,1,0
0080579762,1,0
0090053953,1,0
0094236970,1,0
0081683212,1,0
0081683290,1,0
0087140652,1,0
0094911747,1,0
0093059942,1,0
0094340075,1,0
0094339891,1,0
0077082444,1,0
0094476524,1,0
0046083147,1,0
0087538524,1,0
0094476154,1,0
0093389352,1,0
0094978399,1,0
0092384096,1,0
0094125101,1,0
0093385886,1,0
0069853266,1,0
0094295578,1,0
0093389991,1,0
0091270615,1,0
0087134806,1,0
0095067752,1,0
0080579654,1,0
0094236994,1,0
0094124809,1,0
0091081202,1,0
0094573358,1,0
0094573439,1,0
0093462253,1,0
0093389528,1,0
0087538415,1,0
0059812011,1,0
0091384237,1,0
0093951256,1,0
0087134412,1,0
0087538442,1,0
0069851692,1,0
0087134860,1,0
0085087194,1,0
0085087128,1,0
0086602630,1,0
0094245755,1,0
0094426617,1,0
0095067764,1,0
0081683793,1,0
0093423662,1,0
0095072080,1,0
0094608283,1,0
0092830217,1,0
0094114298,1,0
0094911301,1,0
0094049239,1,0
0093385789,1,0
0093504239,1,0
0094394439,1,0
0094338495,1,0
0093389497,1,0
0091081309,1,0
0094668850,1,0
0092912199,1,0
0094578000,1,0
0093389855,1,0
0094103108,1,0
0094669016,1,0
0094237014,1,0
0094125004,1,0
0094394442,1,0
0094295648,1,0
0094669100,1,0
0094394346,1,0
0052298635,1,0
0093503977,1,0
0088254737,1,0
0094245470,1,0
0094338144,1,0
0093502461,1,0
0091270475,1,0
0093389406,1,0
0084486263,1,0
0094685821,1,0
0094685643,1,0
0092407446,1,0
0094956848,1,0
0092023354,1,0
0094492929,1,0
0091270723,1,0
0094245659,1,0
0094394621,1,0
0094394906,1,0
0087134260,1,0
0094492904,1,0
0094468326,1,0
0069851641,1,0
0090766552,1,0
0094295687,1,0
0093492511,1,0
0092022897,1,0
0094338201,1,0
0081683493,1,0
0077082431,1,0
0094338553,1,0
0094047314,1,0
0093951244,1,0
0069851817,1,0
0083057845,1,0
0081683385,1,0
0088802140,1,0
0094339922,1,0
0095005284,1,0
0087140543,1,0
0094492752,1,0
0093423292,1,0
0054488986,1,0
0094426791,1,0
0094124793,1,0
0087134206,1,0
0095376405,1,0
0095352323,1,0
0092407076,1,0
0094421099,1,0
0095325404,1,0
0095191177,1,0
0090053978,1,0
0094245513,1,0
0094849002,1,0
0094394754,1,0
0092819417,1,0
0094426931,1,0
0087140485,1,0
0093389940,1,0
0039045043,1,0
0091270518,1,0
0086248063,1,0
0032448562,1,0
0094133688,1,0
0056361268,1,0
0094508631,1,0
0093951338,1,0
0085087033,1,0
0080579602,1,0
0094577787,1,0
0090766730,1,0
0088802070,1,0
0085118252,1,0
0038359534,1,0
0087134943,1,0
0094911759,1,0
0094134348,1,0
0080331782,1,0
0094338826,1,0
0094134156,1,0
0094926923,1,0
0094978404,1,0
0090050452,1,0
0094133690,1,0
0087140625,1,0
0085118240,1,0
0092022982,1,0
0046083110,1,0
0094223740,1,0
0094373149,1,0
0095190875,1,0
0093385931,1,0
0087099875,1,0
0095325771,1,0
0095352375,1,0
0094426586,1,0
0081683824,1,0
0087140600,1,0
0094124739,1,0
0095376990,1,0
0093462348,1,0
0059811706,1,0
0095191222,1,0
0095369655,1,0
0093462265,1,0
0059811600,1,0
0093501520,1,0
0069851965,1,0
0059811746,1,0
0069853099,1,0
0095396982,1,0
0094685630,1,0
0095191944,1,0
0087967678,1,0
0092829706,1,0
0094685833,1,0
0094134495,1,0
0069851556,1,0
0094573415,1,0
0061019611,1,0
0085087252,1,0
0094685819,1,0
0094426671,1,0
0094911761,1,0
0059811582,1,0
0095352362,1,0
0094125083,1,0
0095191477,1,0
0094245634,1,0
0087140503,1,0
0093952389,1,0
0091693352,1,0
0087538427,1,0
0088516330,1,0
0069853309,1,0
0092022585,1,0
0094578040,1,0
0094245374,1,0
0082539870,1,0
0093609680,1,0
0095325853,1,0
0094907342,1,0
0094340008,1,0
0094907681,1,0
0094685667,1,0
0095191191,1,0
0094228418,1,0
0052298611,1,0
0046083122,1,0
0085087130,1,0
0091692231,1,0
0094124727,1,0
0095280119,1,0
0085953741,1,0
0094668738,1,0
0087134124,1,0
0093389337,1,0
0094394739,1,0
0085953714,1,0
0087133055,1,0
0087134409,1,0
0094223683,1,0
0087134188,1,0
0069851504,1,0
0059811991,1,0
0095280940,1,0
0086247786,1,0
0090052108,1,0
0085118170,1,0
0094394360,1,0
0095701463,1,0
0090053941,1,0
0086247829,1,0
0094978417,1,0
0094047159,1,0
0059812062,1,0
0094049757,1,0
0095689853,1,0
0092023111,1,0
0094236967,1,0
0094947639,1,0
0094047040,1,0
0093385847,1,0
0092912272,1,0
0083057820,1,0
0095325611,1,0
0092819323,1,0
0095191810,1,0
0093385861,1,0
0081683606,1,0
0092911670,1,0
0094476072,1,0
0094338131,1,0
0087134424,1,0
0081688198,1,0
0093502556,1,0
0087134521,1,0
0087134002,1,0
0095591544,1,0
0092023092,1,0
0094573536,1,0
0094340062,1,0
0092911776,1,0
0080715811,1,0
0087134533,1,0
0094049676,1,0
0088802137,1,0
0085087085,1,0
0095636976,1,0
0093502759,1,0
0092911667,1,0
0095478449,1,0
0095362203,1,0
0094134553,1,0
0093389785,1,0
0095591295,1,0
0094125305,1,0
0094047353,1,0
0095666493,1,0
0095597153,1,0
0095005708,1,0
0095369667,1,0
0087133100,1,0
0088802177,1,0
0087099932,1,0
0059811964,1,0
0095478436,1,0
0095153190,1,0
0081683812,1,0
0081683781,1,0
0094685955,1,0
0094338592,1,0
0094047122,1,0
0094476127,1,0
0094508713,1,0
0094339622,1,0
0095153151,1,0
0086711806,1,0
0087134176,1,0
0094897236,1,0
0095369558,1,0
0093502571,1,0
0094573346,1,0
0093385995,1,0
0094124851,1,0
0091270708,1,0
0094223737,1,0
0093501602,1,0
0093504554,1,0
0095131173,1,0
0087133944,1,0
0094339607,1,0
0093389894,1,0
0081688256,1,0
0087538512,1,0
0063146943,1,0
0077082362,1,0
0094427027,1,0
0094134565,1,0
0095362185,1,0
0092911603,1,0
0094978429,1,0
0095606775,1,0
0092022873,1,0
0094668696,1,0
0094339552,1,0
0094134431,1,0
0093096789,1,0
0094911283,1,0
0094476481,1,0
0093060219,1,0
0094492740,1,0
0095584481,1,0
0095597753,1,0
0093503937,1,0
0087099945,1,0
0093423311,1,0
0086663997,1,0
0087134463,1,0
0090766728,1,0
0095191547,1,0
0066733185,1,0
0087134519,1,0
0095362255,1,0
0093502734,1,0
0094134350,1,0
0094668848,1,0
0093503913,1,0
0094114137,1,0
0095666512,1,0
0094295704,1,0
0095192221,1,0
0095131216,1,0
0094338104,1,0
0093504075,1,0
0094573563,1,0
0093389870,1,0
0095694811,1,0
0094052399,1,0
0081000035,1,0
0087099972,1,0
0093389391,1,0
0095376988,1,0
0095264110,1,0
0080331794,1,0
0081688134,1,0
0094911064,1,0
0092407352,1,0
0081688504,1,0
0094114371,1,0
0095859507,1,0
0095738709,1,0
0095397381,1,0
0095191929,1,0
0094468271,1,0
0095931003,1,0
0095870514,1,0
0095005001,1,0
0095153163,1,0
0054488907,1,0
0094468301,1,0
0093389460,1,0
0095701451,1,0
0094579106,1,0
0095004903,1,0
0077082238,1,0
0095067791,1,0
0094669125,1,0
0095768012,1,0
0093502529,1,0
0092829733,1,0
0095930101,1,0
0093503925,1,0
0095396943,1,0
0095325717,1,0
0095701724,1,0
0094125180,1,0
0094124876,1,0
0094113945,1,0
0095946232,1,0
0094338195,1,0
0094907108,1,0
0094133676,1,0
0087134221,1,0
0081683319,1,0
0095701436,1,0
0092022682,1,0
0087099887,1,0
0093462292,1,0
0095376976,1,0
0095738788,1,0
0095397339,1,0
0095841900,1,0
0095841989,1,0
0093503964,1,0
0059811570,1,0
0094339974,1,0
0094338611,1,0
0054489096,1,0
0094340215,1,0
0095694714,1,0
0093386027,1,0
0059811637,1,0
0092407364,1,0
0095933799,1,0
0095352578,1,0
0092911643,1,0
0095931489,1,0
0082273427,1,0
0094911025,1,0
0093503300,1,0
0094907884,1,0
0092830231,1,0
0069851665,1,0
0095701763,1,0
0092023205,1,0
0081683563,1,0
0094685846,1,0
0054488998,1,0
0095929210,1,0
0088254644,1,0
0094372737,1,0
0094426971,1,0
0093503313,1,0
0095859425,1,0
0094124888,1,0
0094047147,1,0
0087133137,1,0
0080999873,1,0
0069851583,1,0
0032448548,1,0
0093385834,1,0
0095759194,1,0
0092023053,1,0
0094394793,1,0
0094047052,1,0
0095666551,1,0
0094340196,1,0
0093060316,1,0
0095930114,1,0
0092022597,1,0
0054489154,1,0
0094957764,1,0
0094956862,1,0
0094491208,1,0
0087133094,1,0
0094228579,1,0
0038359507,1,0
0091271174,1,0
0094125017,1,0
0081000050,1,0
0094339907,1,0
0092912232,1,0
0094190619,1,0
0054489018,1,0
0093501435,1,0
0094668823,1,0
0095559413,1,0
0063146970,1,0
0085380299,1,0
0094124779,1,0
0085381177,1,0
0094134144,1,0
0080715780,1,0
0094476493,1,0
0095938728,1,0
0095933857,1,0
0094911774,1,0
0087134488,1,0
0092819129,1,0
0088802210,1,0
0095191671,1,0
0092023220,1,0
0081683373,1,0
0092911763,1,0
0094394251,1,0
0094113905,1,0
0080715918,1,0
0091271134,1,0
0094394385,1,0
0093504312,1,0
0095954563,1,0
0095606799,1,0
0056361107,1,0
0093503255,1,0
0095808916,1,0
0094373124,1,0
0081688926,1,0
0093462311,1,0
