PartNumber,SkuId
0094124836,1
0095397041,2
0096213270,3
0081683779,4
0094125192,5
0096213294,6
0095938467,7
0080579505,8
0094339934,9
0094884155,10
0096172908,11
0096601179,12
0056361110,13
0095936227,14
0095591410,15
0095938416,16
0094114344,17
0096049334,18
0096405104,19
0095946245,20
0093952419,21
0088802189,22
0091271077,23
0094426561,24
0095754979,25
0095938674,26
0094956945,27
0091271256,28
0081688992,29
0096410415,30
0094260876,31
0094190660,32
0093390025,33
0094394812,34
0091270569,35
0095877707,36
0095666481,37
0096784201,38
0095767901,39
0094338311,40
0094338292,41
0096062253,42
0096471963,43
0095933805,44
0093389458,45
0095930957,46
0094476360,47
0069851531,48
0093058573,49
0087134449,50
0092830134,51
0080999819,52
0091270942,53
0094260888,54
0095397080,55
0096031135,56
0095938213,57
0094124921,58
0093096725,59
0085087073,60
0092023284,61
0095939154,62
0032448426,63
0094124849,64
0087140613,65
0094957822,66
0092022709,67
0097188521,68
0096475848,69
0096062214,70
0056361231,71
0095989308,72
0095606750,73
0094338280,74
0094394658,75
0095264064,76
0095954549,77
0093389421,78
0096213282,79
0094245730,80
0092911694,81
0096213228,82
0056361134,83
0095738790,84
0092384115,85
0087134136,86
0093058585,87
0096017187,88
0096049277,89
0096062292,90
0066733173,91
0081684071,92
0095067683,93
0094339610,94
0087140570,95
0095005232,96
0092912339,97
0096492092,98
0085087103,99
0093423241,100
0080999943,101
0094339634,102
0094134501,103
0094492931,104
0095369233,105
0096405129,106
0093501475,107
0054483832,108
0093609692,109
0096037658,110
0092829758,111
0091271013,112
0093951231,113
0095325814,114
0095938398,115
0095859400,116
0069851914,117
0094608268,118
0096234260,119
0096062541,120
0095264231,121
0095931070,122
0096234273,123
0095989362,124
0093504087,125
0094685943,126
0093501487,127
0094394633,128
0032448480,129
0094947520,130
0095369546,131
0092912269,132
0094114617,133
0095938540,134
0087140528,135
0093952377,136
0095325865,137
0096492150,138
0094047338,139
0096409740,140
0094978350,141
0090766589,142
0091270602,143
0094394290,144
0095597850,145
0095859437,146
0096405171,147
0096213377,148
0093501448,149
0095668995,150
0095994765,151
0096017302,152
0094958833,153
0094911052,154
0094668996,155
0087134846,156
0093389937,157
0096068499,158
0095689265,159
0080999846,160
0093060124,161
0094260793,162
0081689024,163
0096287257,164
0087133016,165
0096062238,166
0095397532,167
0085087277,168
0093502422,169
0094295650,170
0087538454,171
0094223725,172
0096031218,173
0094394702,174
0089796749,175
0094125095,176
0094508656,177
0094578980,178
0096540088,179
0095933775,180
0094237001,181
0096475850,182
0096234343,183
0095067777,184
0095641213,185
0095931477,186
0081683536,187
0080331767,188
0081689036,189
0096212953,190
0095325662,191
0095669002,192
0095930887,193
0093386002,194
0093389582,195
0096068505,196
0087970474,197
0095376363,198
0095072065,199
0093501596,200
0096213009,201
0096784292,202
0093503133,203
0095933602,204
0095694741,205
0092023218,206
0094476179,207
0093389516,208
0093389964,209
0096481040,210
0096341096,211
0092023393,212
0093502568,213
0087134885,214
0095765297,215
0095954715,216
0095606748,217
0095736669,218
0069851901,219
0095397354,220
0081688486,221
0056361161,222
0095591256,223
0095376963,224
0094956835,225
0096017078,226
0094338580,227
0095369246,228
0096213473,229
0095931016,230
0095870526,231
0080715875,232
0094476045,233
0092407300,234
0095694726,235
0094685860,236
0093389913,237
0092022724,238
0096068393,239
0095759170,240
0094134311,241
0094476018,242
0096028343,243
0094338880,244
0049165007,245
0095191917,246
0096068366,247
0095701109,248
0095131160,249
0091270681,250
0087133140,251
0094426598,252
0096213173,253
0088516355,254
0093501639,255
0095005092,256
0094476057,257
0095930899,258
0094338362,259
0094573427,260
0086247856,261
0094394321,262
0094339674,263
0094338911,264
0094047025,265
0092022616,266
0094573549,267
0087970568,268
0096364182,269
0094476115,270
0080579532,271
0094245703,272
0096068379,273
0090050437,274
0094491275,275
0095809065,276
0094849027,277
0095584427,278
0093060136,279
0091270596,280
0054483845,281
0095930984,282
0080999788,283
0095946108,284
0096373338,285
0096310594,286
0080715905,287
0096065192,288
0080579642,289
0096213460,290
0096144105,291
0095358123,292
0039045030,293
0095131228,294
0095754942,295
0095376196,296
0092023257,297
0094476415,298
0094047341,299
0094491235,300
0096284918,301
0096784278,302
0095989292,303
0096364213,304
0093389773,305
0094426683,306
0092023038,307
0096522449,308
0081683524,309
0091270520,310
0096027898,311
0095666454,312
0091270499,313
0094338404,314
0091693325,315
0095192149,316
0091270532,317
0093060260,318
0095280937,319
0081688941,320
0081683851,321
0094957752,322
0096234297,323
0094049118,324
0095738724,325
0095701712,326
0095702053,327
0081688217,328
0091692217,329
0096069283,330
0096212980,331
0094340242,332
0095352565,333
0093504023,334
0095393876,335
0095225868,336
0056361256,337
0095362216,338
0096341166,339
0095362894,340
0095933723,341
0081688147,342
0056361122,343
0081688110,344
0092023339,345
0081000008,346
0091270462,347
0085087289,348
0095859440,349
0094049769,350
0097186972,351
0094134292,352
0095841977,353
0096471881,354
0096481110,355
0093504062,356
0095938537,357
0094427002,358
0090052080,359
0093060233,360
0095765151,361
0087133113,362
0094134362,363
0096017080,364
0092023123,365
0096481186,366
0096410360,367
0081683876,368
0092911724,369
0094113957,370
0096062129,371
0095842309,372
0096172783,373
0093503243,374
0094223629,375
0088254713,376
0095765163,377
0094295717,378
0092022806,379
0095761634,380
0095938686,381
0094573385,382
0095939069,383
0091693419,384
0039045028,385
0094373109,386
0094049705,387
0094237026,388
0096481159,389
0091271052,390
0094338253,391
0093951341,392
0096028355,393
0094245494,394
0096078332,395
0094245416,396
0094898223,397
0095681836,398
0095738751,399
0092022788,400
0095352611,401
0097186969,402
0095325801,403
0094907315,404
0093952446,405
0096410427,406
0095702078,407
0094200857,408
0094573397,409
0096601154,410
0094685916,411
0096172962,412
0095591244,413
0080715726,414
0096481498,415
0095994778,416
0093423323,417
0093501642,418
0094340184,419
0094339659,420
0094245361,421
0095938116,422
0096213313,423
0094491248,424
0095702038,425
0093389600,426
0096166122,427
0094200927,428
0095701303,429
0087134928,430
0092829746,431
0095597835,432
0095491598,433
0097082078,434
0096233886,435
0096233929,436
0081688459,437
0096030079,438
0080715792,439
0094245743,440
0095765246,441
0095352483,442
0094685970,443
0093503230,444
0095939057,445
0096062704,446
0096405144,447
0094125275,448
0095938455,449
0096213243,450
0094047064,451
0095191683,452
0096031205,453
0095325768,454
0094426968,455
0094190621,456
0092023150,457
0094928115,458
0085087097,459
0097186887,460
0094260781,461
0096031111,462
0094049279,463
0097188670,464
0092023342,465
0096028694,466
0095842324,467
0095954551,468
0081688186,469
0096373326,470
0094340132,471
0087134506,472
0096068954,473
0096027917,474
0092022994,475
0095325592,476
0095989171,477
0091384225,478
0096284920,479
0081683397,480
0090766540,481
0094911895,482
0084486321,483
0094113899,484
0096017366,485
0094907557,486
0094047174,487
0096471720,488
0095701916,489
0096475587,490
0096475918,491
0094906967,492
0095597138,493
0094476479,494
0095264244,495
0093423280,496
0094124766,497
0095191507,498
0095938730,499
0096234316,500
0095280340,501
0095989183,502
0095191164,503
0095936215,504
0094049099,505
0095933818,506
0096364155,507
0096382395,508
0096475575,509
0094394727,510
0096491943,511
0094052404,512
0087134258,513
0080579639,514
0093504336,515
0081689049,516
0094978323,517
0092911616,518
0092912296,519
0091270832,520
0094223789,521
0096405117,522
0094849015,523
0081688844,524
0081688817,525
0080999751,526
0086247774,527
0092911712,528
0097188655,529
0096481052,530
0095996463,531
0095606711,532
0094476142,533
0096062538,534
0094947518,535
0094372740,536
0096068462,537
0096116640,538
0096143940,539
0092912162,540
0094236860,541
0094373163,542
0095689278,543
0096062241,544
0096481064,545
0094245537,546
0087970486,547
0094134592,548
0093462335,549
0095547383,550
0054488947,551
0096287272,552
0094338541,553
0094114331,554
0085953696,555
0069852964,556
0093504309,557
0081688392,558
0094114395,559
0096490847,560
0096068411,561
0085953726,562
0091270627,563
0095938782,564
0096030054,565
0096475657,566
0092407088,567
0032448478,568
0095352471,569
0088802191,570
0096069013,571
0096784265,572
0094124685,573
0092819923,574
0090766716,575
0045121428,576
0094338923,577
0095666576,578
0091271341,579
0092830283,580
0094492737,581
0096522490,582
0081683890,583
0090766743,584
0077082195,585
0094978362,586
0094125287,587
0095636990,588
0093058412,589
0094295526,590
0069851710,591
0096490859,592
0093386015,593
0096068520,594
0087133968,595
0095376202,596
0093390000,597
0094124985,598
0096393165,599
0095325348,600
0081684029,601
0094124781,602
0094049688,603
0095584479,604
0096017408,605
0095280088,606
0094884825,607
0096310652,608
0095325399,609
0094114629,610
0093503119,611
0085118289,612
0095767868,613
0095765260,614
0095192233,615
0095597741,616
0077082226,617
0093502434,618
0095870495,619
0096234355,620
0095584466,621
0093385929,622
0094911040,623
0094338892,624
0094926950,625
0095702026,626
0094668726,627
0096069326,628
0095694780,629
0094295675,630
0094052201,631
0094907545,632
0096213255,633
0095933884,634
0096172768,635
0095675036,636
0095636705,637
0095762633,638
0077082350,639
0095280964,640
0096213063,641
0095939045,642
0094394306,643
0094956741,644
0081688410,645
0095397475,646
0094421050,647
0095606642,648
0087133067,649
0095368956,650
0084486397,651
0095636912,652
0094669028,653
0096234303,654
0096481474,655
0069853172,656
0095191695,657
0095191822,658
0081688268,659
0092023315,660
0094685873,661
0038359425,662
0096784308,663
0095478558,664
0092830229,665
0096475753,666
0094223617,667
0093389977,668
0096028463,669
0094897251,670
0097082135,671
0097054027,672
0092911788,673
0095938610,674
0095191464,675
0094468159,676
0095666536,677
0096212978,678
0092912135,679
0096031148,680
0092023108,681
0096481544,682
0095325704,683
0093389364,684
0091270927,685
0093492492,686
0048108532,687
0095131230,688
0095930141,689
0096659691,690
0080579805,691
0095597029,692
0095478546,693
0095765258,694
0095841940,695
0097187929,696
0095192136,697
0095701806,698
0092022903,699
0096417936,700
0095701190,701
0087140582,702
0095192246,703
0096213340,704
0096213364,705
0094125208,706
0096475741,707
0095701709,708
0081684031,709
0092023245,710
0092384102,711
0093462278,712
0095989348,713
0096030066,714
0094685670,715
0092912175,716
0094338241,717
0092023232,718
0092022858,719
0069851895,720
0094928127,721
0087133028,722
0086663973,723
0095191207,724
0097082162,725
0096287342,726
0094340120,727
0094245610,728
0096481013,729
0093060370,730
0032448535,731
0085087155,732
0095929222,733
0094114286,734
0096062650,735
0088254700,736
0094340035,737
0096049252,738
0094338662,739
0059812035,740
0086247844,741
0085381043,742
0095701093,743
0085382749,744
0094124973,745
0096068993,746
0086602643,747
0081688378,748
0092023148,749
0091270572,750
0097082175,751
0095187685,752
0096144349,753
0092829594,754
0092911751,755
0096027929,756
0094394454,757
0096079859,758
0096017065,759
0095681851,760
0087134476,761
0095377007,762
0094492917,763
0095930138,764
0094223695,765
0095393906,766
0085953738,767
0096475548,768
0059811625,769
0096410373,770
0092911749,771
0093504324,772
0096068423,773
0096065180,774
0094124958,775
0096475765,776
0093952485,777
0095938755,778
0087133070,779
0091692204,780
0096341142,781
0096143937,782
0095946111,783
0096393114,784
0093952458,785
0096062592,786
0069851474,787
0094125071,788
0095329331,789
0095931055,790
0087970498,791
0082539803,792
0097028175,793
0094245443,794
0095393851,795
0096028476,796
0088516394,797
0093503989,798
0094907078,799
0094394715,800
0092407090,801
0096540090,802
0096062635,803
0094339589,804
0087134490,805
0096310677,806
0096062578,807
0095377010,808
0080579787,809
0092022573,810
0096027700,811
0084486402,812
0091415958,813
0085380345,814
0095938155,815
0096031162,816
0061019578,817
0095996451,818
0097082065,819
0094339986,820
0094372791,821
0096405226,822
0096116691,823
0095591231,824
0092820099,825
0095596906,826
0095606820,827
0087970556,828
0095933872,829
0049164988,830
0094426700,831
0095675063,832
0094468283,833
0095591461,834
0096079834,835
0087140637,836
0081683919,837
0095994850,838
0094047186,839
0094978387,840
0095067671,841
0096481091,842
0096341139,843
0091693433,844
0096481447,845
0094394742,846
0087134246,847
0094190781,848
0093385968,849
0087133971,850
0093504254,851
0094200832,852
0093952352,853
0096475669,854
0094164208,855
0087099957,856
0054483818,857
0096172935,858
0084486385,859
0096049225,860
0094394851,861
0094338623,862
0095393890,863
0093389882,864
0094134456,865
0052298650,866
0095930126,867
0094260809,868
0094686148,869
0096233847,870
0077082214,871
0095689526,872
0096079931,873
0094907966,874
0096172923,875
0096062648,876
0094906943,877
0096017220,878
0095938167,879
0094573402,880
0082273563,881
0096549871,882
0094338156,883
0075505423,884
0092819880,885
0096481517,886
0097186778,887
0095369724,888
0092407294,889
0080331907,890
0092830013,891
0092407421,892
0092383237,893
0094426629,894
0096062565,895
0081688461,896
0095325387,897
0095192112,898
0093501545,899
0038359440,900
0049164990,901
0095938182,902
0096481122,903
0093389567,904
0094978431,905
0095597780,906
0094908013,907
0094394224,908
0094898211,909
0095999270,910
0095701219,911
0093096810,912
0093423675,913
0094491250,914
0096617630,915
0095930932,916
0094338865,917
0092023269,918
0059811719,919
0094956808,920
0094476536,921
0094049120,922
0075505408,923
0095989195,924
0096481174,925
0087133929,926
0091384194,927
0095591268,928
0094421105,929
0096030124,930
0096481204,931
0094468295,932
0056361271,933
0090053965,934
0095531116,935
0092819226,936
0092912284,937
0094476512,938
0094340157,939
0096310689,940
0066733158,941
0095191440,942
0096033325,943
0094421048,944
0091081254,945
0094508668,946
0087134027,947
0096337277,948
0095596890,949
0093389555,950
0094394373,951
0095666427,952
0095004967,953
0096049240,954
0092911630,955
0097081994,956
0095938910,957
0091384200,958
0093423335,959
0096213049,960
0094124742,961
0095591486,962
0094394697,963
0094685806,964
0052298648,965
0081684178,966
0092407282,967
0095280337,968
0092023041,969
0092022628,970
0089796763,971
0092022630,972
0095938703,973
0097186811,974
0032448508,975
0090766525,976
0095938200,977
0092912187,978
0094491262,979
0094338308,980
0094394890,981
0097082053,982
0093389900,983
0094125138,984
0095946135,985
0094394876,986
0094956780,987
0094134308,988
0096068339,989
0097028135,990
0095929234,991
0096033337,992
0096415568,993
0095702065,994
0095397092,995
0097186862,996
0095767871,997
0096393126,998
0091270993,999
0095369382,1000
0096172911,1001
0096213146,1002
0091081239,1003
0095191534,1004
0094340227,1005
0094295662,1006
0085953701,1007
0096405086,1008
0084486306,1009
0087099969,1010
0096490700,1011
0092912220,1012
0094134608,1013
0094134611,1014
0095681888,1015
0096062171,1016
0096062183,1017
0095701081,1018
0096213106,1019
0095264091,1020
0095369449,1021
0094475947,1022
0088254822,1023
0096062553,1024
0092383200,1025
0094338648,1026
0096213497,1027
0095930969,1028
0093462323,1029
0093060246,1030
0087538385,1031
0095397518,1032
0095842351,1033
0094114247,1034
0091693243,1035
0096405201,1036
0092022790,1037
0094476166,1038
0094338795,1039
0094338878,1040
0096166198,1041
0093951314,1042
0042956179,1043
0095936196,1044
0094340087,1045
0094907041,1046
0096049307,1047
0081684017,1048
0092023381,1049
0081688365,1050
0096471912,1051
0097028148,1052
0061019592,1053
0094124946,1054
0095809078,1055
0093952497,1056
0095933748,1057
0096481459,1058
0095762646,1059
0094897249,1060
0094394415,1061
0092830268,1062
0080715714,1063
0094468229,1064
0094340239,1065
0096364170,1066
0081688204,1067
0095989241,1068
0090766591,1069
0094338838,1070
0095369258,1071
0094394836,1072
0095376215,1073
0094339564,1074
0093502747,1075
0069851759,1076
0096617603,1077
0094224860,1078
0095933787,1079
0092820202,1080
0094124660,1081
0087099862,1082
0093060221,1083
0095376951,1084
0093503952,1085
0080331770,1086
0090052111,1087
0096213203,1088
0096212914,1089
0095675024,1090
0090053938,1091
0095591474,1092
0094340050,1093
0056361174,1094
0096031175,1095
0094573373,1096
0095681863,1097
0056361159,1098
0095264217,1099
0091270448,1100
0095765343,1101
0081688474,1102
0081683619,1103
0092023135,1104
0096062201,1105
0084486319,1106
0093504050,1107
0095701790,1108
0095325501,1109
0095989387,1110
0095264089,1111
0091270639,1112
0081683358,1113
0093385807,1114
0081683863,1115
0097187904,1116
0094047091,1117
0094124933,1118
0096062144,1119
0094260812,1120
0096287296,1121
0080579723,1122
0094134399,1123
0095989201,1124
0094339647,1125
0081689009,1126
0094394863,1127
0095859522,1128
0095153206,1129
0095675049,1130
0095939115,1131
0095738712,1132
0095005596,1133
0093390013,1134
0091271064,1135
0095768036,1136
0094492886,1137
0092819975,1138
0094134580,1139
0094958858,1140
0094394660,1141
0094669094,1142
0096393141,1143
0095393888,1144
0096068979,1145
0095938986,1146
0080715701,1147
0095954702,1148
0096409764,1149
0086664004,1150
0095938097,1151
0094223598,1152
0088271302,1153
0095325650,1154
0095736657,1155
0085087116,1156
0095738846,1157
0092911597,1158
0094468314,1159
0096078320,1160
0095067807,1161
0069851786,1162
0096287284,1163
0089796751,1164
0095368931,1165
0088254631,1166
0094134387,1167
0093462375,1168
0096030109,1169
0080331755,1170
0096143894,1171
0087133983,1172
0080579499,1173
0093951295,1174
0094114329,1175
0096262942,1176
0091670705,1177
0096492123,1178
0094245800,1179
0087538536,1180
0095668968,1181
0069851804,1182
0094394249,1183
0094125126,1184
0094426822,1185
0096475905,1186
0093060190,1187
0096030149,1188
0096337291,1189
0094190658,1190
0059812008,1191
0092407473,1192
0091270896,1193
0095701873,1194
0094338853,1195
0091271380,1196
0095325648,1197
0092819514,1198
0092022603,1199
0096068448,1200
0095989350,1201
0095765273,1202
0059812048,1203
0091270915,1204
0080999885,1205
0080579518,1206
0096556549,1207
0095352468,1208
0093389419,1209
0091270857,1210
0096030039,1211
0097187886,1212
0089833496,1213
0095929259,1214
0092820145,1215
0095191522,1216
0092830271,1217
0096233752,1218
0095938130,1219
0096062265,1220
0095636988,1221
0093501450,1222
0094578992,1223
0091693203,1224
0093501557,1225
0095859489,1226
0095005602,1227
0096475932,1228
0095491604,1229
0094468161,1230
0096784214,1231
0096116664,1232
0095369394,1233
0095675051,1234
0091693230,1235
0091270584,1236
0059811760,1237
0092022967,1238
0083057805,1239
0087140567,1240
0095841894,1241
0096213088,1242
0095397393,1243
0094338098,1244
0092819565,1245
0094475998,1246
0094340254,1247
0094978348,1248
0095762619,1249
0093389446,1250
0096213503,1251
0094338323,1252
0092407460,1253
0081684165,1254
0094373066,1255
0091081266,1256
0069853324,1257
0094958860,1258
0093501518,1259
0096341102,1260
0097028080,1261
0096069295,1262
0096030042,1263
0095606787,1264
0096409777,1265
0097082041,1266
0096172853,1267
0094898208,1268
0069853293,1269
0094421008,1270
0092911736,1271
0095376420,1272
0093951326,1273
0094394402,1274
0094338514,1275
0095675076,1276
0094046038,1277
0094047326,1278
0096037646,1279
0095004897,1280
0095930918,1281
0093951229,1282
0080579735,1283
0093423650,1284
0087538439,1285
0096078357,1286
0095376390,1287
0095191210,1288
0094956792,1289
0094573576,1290
0096062662,1291
0095190905,1292
0090050425,1293
0095591459,1294
0093492535,1295
0094909255,1296
0096212965,1297
0094245607,1298
0094338483,1299
0081683251,1300
0090050413,1301
0054483805,1302
0093423348,1303
0094338635,1304
0094245540,1305
0087134370,1306
0094339540,1307
0094907748,1308
0096382440,1309
0095584439,1310
0091270487,1311
0093504266,1312
0096062348,1313
0094245716,1314
0096284211,1315
0096144324,1316
0088516367,1317
0093097367,1318
0059811925,1319
0094394919,1320
0094134471,1321
0095368944,1322
0087134858,1323
0092023302,1324
0096068450,1325
0096410754,1326
0082539867,1327
0095067574,1328
0094295699,1329
0080579820,1330
0093951283,1331
0093385777,1332
0092023520,1333
0059811882,1334
0069851734,1335
0093385971,1336
0096481134,1337
0094427015,1338
0085087264,1339
0094245386,1340
0095767926,1341
0094978308,1342
0094260836,1343
0092022712,1344
0093501615,1345
0094134429,1346
0094426725,1347
0096213160,1348
0091270450,1349
0094339889,1350
0095005257,1351
0082539937,1352
0095547440,1353
0092383213,1354
0091270679,1355
0094394288,1356
0096471976,1357
0092022885,1358
0094426944,1359
0069851486,1360
0094468244,1361
0093504035,1362
0094426631,1363
0093385810,1364
0069851856,1365
0093385917,1366
0097187874,1367
0096065208,1368
0087191760,1369
0094124906,1370
0096068315,1371
0080579487,1372
0094394779,1373
0094134541,1374
0094245403,1375
0094338841,1376
0087134273,1377
0097082080,1378
0090050440,1379
0096116816,1380
0094223791,1381
0095938767,1382
0094956899,1383
0094573619,1384
0095191874,1385
0095362882,1386
0096234285,1387
0094339961,1388
0096037742,1389
0094338129,1390
0094124960,1391
0094420991,1392
0093389843,1393
0094907111,1394
0087191773,1395
0097186875,1396
0095597792,1397
0094200896,1398
0094685930,1399
0088802234,1400
0081688965,1401
0095809080,1402
0094907327,1403
0096287269,1404
0096017218,1405
0095936254,1406
0094978526,1407
0095264077,1408
0096364252,1409
0096212941,1410
0081683836,1411
0095191931,1412
0091270939,1413
0096284932,1414
0096471936,1415
0096068915,1416
0081688244,1417
0095933584,1418
0095362270,1419
0069851498,1420
0094236982,1421
0092383194,1422
0095369409,1423
0095067598,1424
0093389570,1425
0087134015,1426
0081683985,1427
0095191700,1428
0092022694,1429
0096172838,1430
0095989253,1431
0095938552,1432
0094340172,1433
0095325541,1434
0096213485,1435
0096143952,1436
0095666439,1437
0096481529,1438
0096601166,1439
0094911271,1440
0096028682,1441
0093504008,1442
0087099905,1443
0093503228,1444
0096143925,1445
0094045821,1446
0092830122,1447
0069853363,1448
0085087200,1449
0086247831,1450
0095396970,1451
0095376376,1452
0094508725,1453
0090766577,1454
0095131158,1455
0094114356,1456
0094134483,1457
0093952433,1458
0096144336,1459
0093504215,1460
0096033313,1461
0094579121,1462
0094468134,1463
0095701079,1464
0094476084,1465
0096784311,1466
0092819987,1467
0091693313,1468
0095939020,1469
0096079917,1470
0095636924,1471
0096393095,1472
0077082417,1473
0096068981,1474
0032448453,1475
0096481147,1476
0094223604,1477
0097187861,1478
0092820157,1479
0095895252,1480
0094475961,1481
0095547437,1482
0096364225,1483
0095067656,1484
0096116652,1485
0095701682,1486
0096172795,1487
0093502722,1488
0094340099,1489
0080715920,1490
0096310664,1491
0077082265,1492
0092407458,1493
0087133931,1494
0096404879,1495
0096172865,1496
0096213419,1497
0093423635,1498
0084486276,1499
0093492480,1500
0087970595,1501
0092023065,1502
0096028670,1503
0095325335,1504
0091270845,1505
0094685928,1506
0095362267,1507
0096617628,1508
0096079929,1509
0095325553,1510
0094125141,1511
0094394766,1512
0081688107,1513
0080715945,1514
0091271159,1515
0094476549,1516
0095931030,1517
0091270711,1518
0094669030,1519
0093389952,1520
0094124812,1521
0081683727,1522
0080715808,1523
0093423265,1524
0094668835,1525
0056361244,1526
0095376388,1527
0096233791,1528
0095666415,1529
0093951271,1530
0042956139,1531
0096234246,1532
0095938961,1533
0096490861,1534
0094200915,1535
0094394236,1536
0096172975,1537
0096341115,1538
0095666479,1539
0094134323,1540
0081683333,1541
0095738858,1542
0094125332,1543
0092022860,1544
0095531103,1545
0093952473,1546
0095606639,1547
0081684153,1548
0096234258,1549
0094052387,1550
0095666524,1551
0095738821,1552
0094957777,1553
0094686111,1554
0095701860,1555
0092384127,1556
0094685788,1557
0059811691,1558
0094492777,1559
0095584493,1560
0095938770,1561
0094579012,1562
0096549844,1563
0093609707,1564
0094237038,1565
0081683276,1566
0080715753,1567
0095930875,1568
0059811989,1569
0095701066,1570
0094476427,1571
0094476139,1572
0094245482,1573
0094911734,1574
0081688868,1575
0087134819,1576
0081688529,1577
0054489057,1578
0094338399,1579
0094134404,1580
0092022763,1581
0069853023,1582
0095376184,1583
0094907080,1584
0092022846,1585
0094978335,1586
0094340145,1587
0093502583,1588
0095597848,1589
0096337289,1590
0096481077,1591
0096364143,1592
0095736672,1593
0085087182,1594
0095369451,1595
0095938170,1596
0094911295,1597
0094113887,1598
0038359452,1599
0095190887,1600
0096471924,1601
0088802261,1602
0096068884,1603
0077082348,1604
0081684095,1605
0097187859,1606
0094579119,1607
0096079847,1608
0094476020,1609
0081688422,1610
0080715850,1611
0095694778,1612
0093504242,1613
0094476096,1614
0096037660,1615
0094338650,1616
0093503940,1617
0096481037,1618
0094245589,1619
0093423308,1620
0094908025,1621
0094426604,1622
0095765285,1623
0097186808,1624
0087134436,1625
0095376949,1626
0095841830,1627
0095668971,1628
0095596997,1629
0091270693,1630
0093952503,1631
0094926948,1632
0094338335,1633
0096069365,1634
0059811952,1635
0091271040,1636
0095938194,1637
0095808903,1638
0096116758,1639
0095597031,1640
0093952364,1641
0095938634,1642
0088271284,1643
0095597114,1644
0094339661,1645
0092911655,1646
0095701297,1647
0094911831,1648
0096471769,1649
0085953753,1650
0096287354,1651
0094475959,1652
0094373079,1653
0094114152,1654
0095694862,1655
0059812023,1656
0092023272,1657
0095636909,1658
0093951301,1659
0088516382,1660
0095597823,1661
0061019608,1662
0095938103,1663
0085953684,1664
0052298623,1665
0091692229,1666
0091270666,1667
0094394781,1668
0054489127,1669
0095280300,1670
0089136579,1671
0096030112,1672
0095004970,1673
0094114261,1674
0094124702,1675
0087970461,1676
0096522476,1677
0088516370,1678
0096172756,1679
0094911037,1680
0095996316,1681
0094579009,1682
0095938513,1683
0094468256,1684
0081688901,1685
0095933627,1686
0096069000,1687
0094338471,1688
0081683590,1689
0095280076,1690
0095596888,1691
0094508617,1692
0095191189,1693
0095694850,1694
0095930972,1695
0087140497,1696
0087099823,1697
0095946218,1698
0095859464,1699
0054483857,1700
0084486333,1701
0096172729,1702
0092383225,1703
0094686135,1704
0095931094,1705
0095701176,1706
0094245398,1707
0096213036,1708
0095636718,1709
0077082404,1710
0092022670,1711
0096540076,1712
0093389797,1713
0092407485,1714
0095596919,1715
0054488974,1716
0032448550,1717
0094669003,1718
0096659719,1719
0095531097,1720
0066733146,1721
0096475645,1722
0080999955,1723
0094340202,1724
0095067789,1725
0095280106,1726
0091693446,1727
0094508629,1728
0095694738,1729
0087970583,1730
0080999821,1731
0096549868,1732
0094049105,1733
0095606762,1734
0095701221,1735
0097186850,1736
0093389803,1737
0094468217,1738
0094421087,1739
0093389389,1740
0096068435,1741
0094047134,1742
0094907092,1743
0096617573,1744
0096213090,1745
0095668983,1746
0088271296,1747
0095931082,1748
0096382425,1749
0094223586,1750
0094492898,1751
0096172731,1752
0066733160,1753
0085120564,1754
0090766537,1755
0077082292,1756
0095362913,1757
0094468268,1758
0096062687,1759
0094686123,1760
0094125178,1761
0094394276,1762
0091271161,1763
0080999967,1764
0091081227,1765
0095597141,1766
0096417963,1767
0096116830,1768
0096030136,1769
0093385874,1770
0088802082,1771
0092022736,1772
0091384213,1773
0092022776,1774
0092023296,1775
0094426956,1776
0095641200,1777
0092407337,1778
0094339877,1779
0085087046,1780
0095352311,1781
0094685897,1782
0095938564,1783
0094339910,1784
0095067668,1785
0096062278,1786
0095352387,1787
0094669113,1788
0096405168,1789
0081683576,1790
0097188630,1791
0095325878,1792
0095996328,1793
0092022833,1794
0095841882,1795
0095591568,1796
0095666588,1797
0092022749,1798
0094907954,1799
0092911682,1800
0094476551,1801
0095954697,1802
0092407106,1803
0094907693,1804
0093389828,1805
0093423253,1806
0096213325,1807
0096481231,1808
0080579520,1809
0087970571,1810
0095187779,1811
0096492108,1812
0095005693,1813
0095637007,1814
0095325699,1815
0082539746,1816
0092022821,1817
0094426995,1818
0094113918,1819
0094124890,1820
0095606805,1821
0091693458,1822
0096382413,1823
0081688161,1824
0095842312,1825
0095491617,1826
0095325826,1827
0088271272,1828
0095754981,1829
0094340169,1830
0094394673,1831
0081683658,1832
0095376418,1833
0091693340,1834
0095701206,1835
0095954576,1836
0094906930,1837
0080999897,1838
0094134417,1839
0095701476,1840
0094125165,1841
0080579748,1842
0095666509,1843
0095859452,1844
0094338348,1845
0097054015,1846
0095701670,1847
0094426983,1848
0095946220,1849
0096062611,1850
0095759200,1851
0094125068,1852
0096415556,1853
0093462308,1854
0095738833,1855
0094134468,1856
0094956887,1857
0095938374,1858
0095701188,1859
0093492523,1860
0094669082,1861
0080331922,1862
0092022916,1863
0095264229,1864
0094052417,1865
0094339959,1866
0095357873,1867
0094668701,1868
0092022667,1869
0081684126,1870
0094685885,1871
0095999267,1872
0096475899,1873
0094245794,1874
0095352335,1875
0094052238,1876
0094047037,1877
0094114259,1878
0096382437,1879
0093609734,1880
0094339577,1881
0094245782,1882
0095859413,1883
0094476466,1884
0095597017,1885
0077326710,1886
0096262966,1887
0087538397,1888
0085087060,1889
0080999858,1890
0081683346,1891
0094394427,1892
0096062308,1893
0096475778,1894
0097082014,1895
0094125153,1896
0096491955,1897
0094685858,1898
0092820048,1899
0094491223,1900
0093952516,1901
0095325323,1902
0092023327,1903
0095701694,1904
0096337264,1905
0096068942,1906
0095280063,1907
0081684114,1908
0094190779,1909
0094476385,1910
0087133898,1911
0094579090,1912
0081688517,1913
0091270545,1914
0087134451,1915
0097082111,1916
0095929247,1917
0093389543,1918
0097081982,1919
0092911709,1920
0096213337,1921
0095597765,1922
0095606627,1923
0095397078,1924
0097028111,1925
0094338814,1926
0092911628,1927
0094573360,1928
0081683209,1929
0093389473,1930
0094956875,1931
0091270820,1932
0096475920,1933
0096213119,1934
0095376432,1935
0097186984,1936
0092911585,1937
0092023001,1938
0085087021,1939
0095191807,1940
0096784195,1941
0094907053,1942
0094907339,1943
0087134163,1944
0094426917,1945
0094245770,1946
0095005080,1947
0095478451,1948
0081688229,1949
0095930165,1950
0081684083,1951
0095325608,1952
0094295580,1953
0094338468,1954
0087134930,1955
0094338183,1956
0087099918,1957
0096069052,1958
0094114140,1959
0095767883,1960
0080999903,1961
0095636963,1962
0086711819,1963
0096049264,1964
0095938430,1965
0096404881,1966
0080999806,1967
0056361089,1968
0081688159,1969
0094339998,1970
0094114317,1971
0096373256,1972
0095491574,1973
0095989311,1974
0077082253,1975
0095597004,1976
0091081242,1977
0094394319,1978
0093503267,1979
0094508644,1980
0094047161,1981
0094049432,1982
0087134285,1983
0096079861,1984
0095989323,1985
0095701424,1986
0095559400,1987
0094125318,1988
0093389925,1989
0094573551,1990
0093502459,1991
0094421011,1992
0096213216,1993
0096364130,1994
0094476442,1995
0087140516,1996
0096234328,1997
0090766607,1998
0093502517,1999
0094579088,2000
0096027695,2001
0094926935,2002
0093501627,2003
0097082148,2004
0094957740,2005
0092407270,2006
0095352417,2007
0092407433,2008
0095153188,2009
0095597875,2010
0095636732,2011
0095954590,2012
0094134444,2013
0085087058,2014
0094224506,2015
0094373188,2016
0095701054,2017
0095591301,2018
0095606615,2019
0096116828,2020
0094906955,2021
0095938922,2022
0095396928,2023
0097054039,2024
0092023379,2025
0085087167,2026
0094426656,2027
0095841991,2028
0091270505,2029
0094049132,2030
0095930192,2031
0096017342,2032
0093060667,2033
0096116613,2034
0096405214,2035
0096065153,2036
0096062156,2037
0095689514,2038
0095842050,2039
0096028328,2040
0094573588,2041
0092819999,2042
0095930180,2043
0094114631,2044
0095596921,2045
0080579750,2046
0092022751,2047
0094909009,2048
0094884143,2049
0096475875,2050
0097187810,2051
0095264256,2052
0080999994,2053
0092819580,2054
0084486290,2055
0094124673,2056
0094260851,2057
0087099899,2058
0091270799,2059
0093389989,2060
0094668984,2061
0097186899,2062
0095636881,2063
0094049266,2064
0094947642,2065
0095701897,2066
0095329395,2067
0095994862,2068
0081683646,2069
0094340048,2070
0038359522,2071
0085087019,2072
0094223713,2073
0094338431,2074
0094491178,2075
0095597101,2076
0093462280,2077
0092022819,2078
0087134367,2079
0085118130,2080
0094134375,2081
0094113932,2082
0094047089,2083
0094260824,2084
0095996303,2085
0094909267,2086
0095933615,2087
0081688883,2088
0095938482,2089
0095503950,2090
0096212926,2091
0095996190,2092
0077082399,2093
0095938947,2094
0094338501,2095
0095989168,2096
0059811940,2097
0096213300,2098
0093952391,2099
0095929274,2100
0095996476,2101
0096030081,2102
0046083134,2103
0095701330,2104
0095187702,2105
0095938143,2106
0084486415,2107
0096471951,2108
0081688174,2109
0092911573,2110
0094426559,2111
0081683288,2112
0095280325,2113
0095191452,2114
0095591556,2115
0095352623,2116
0094907065,2117
0095841843,2118
0095369219,2119
0096028449,2120
0095938934,2121
0095936184,2122
0095597126,2123
0095701328,2124
0094685967,2125
0096373244,2126
0084486288,2127
0088802094,2128
0095597778,2129
0092407497,2130
0095584415,2131
0087191785,2132
0096116746,2133
0092022655,2134
0095191898,2135
0094421062,2136
0080579627,2137
0095809053,2138
0095842336,2139
0095938577,2140
0096172892,2141
0096481556,2142
0093501505,2143
0094223777,2144
0093609710,2145
0095842048,2146
0094668714,2147
0094476402,2148
0095689538,2149
0080579799,2150
0087133152,2151
0093504011,2152
0095368968,2153
0094295729,2154
0038359437,2155
0095754993,2156
0081683306,2157
0083057832,2158
0095397408,2159
0093060285,2160
0090052092,2161
0085380453,2162
0087134897,2163
0095738806,2164
0096069077,2165
0094685790,2166
0094508683,2167
0096069064,2168
0094049254,2169
0089796776,2170
0096033294,2171
0093502447,2172
0096031199,2173
0094114586,2174
0094468147,2175
0095929261,2176
0094373054,2177
0096475672,2178
0081688407,2179
0088802259,2180
0095005014,2181
0095584373,2182
0096213516,2183
0094394824,2184
0094124697,2185
0095584346,2186
0094573321,2187
0094685903,2188
0097188667,2189
0095938128,2190
0093389867,2191
0094124754,2192
0081683263,2193
0094907735,2194
0094114383,2195
0096017053,2196
0097187898,2197
0095641194,2198
0095225856,2199
0095396994,2200
0096481410,2201
0093504048,2202
0091270435,2203
0093385752,2204
0094245686,2205
0094338226,2206
0096364237,2207
0081684044,2208
0087134903,2209
0095591447,2210
0094134131,2211
0095989404,2212
0094114125,2213
0088802247,2214
0095701885,2215
0056361091,2216
0096033300,2217
0094685616,2218
0081684138,2219
0094573606,2220
0094200869,2221
0094338565,2222
0096068327,2223
0096062623,2224
0095701776,2225
0095701449,2226
0093609722,2227
0095938361,2228
0095939142,2229
0094947654,2230
0096068896,2231
0093501462,2232
0092384139,2233
0094338908,2234
0095153176,2235
0095996206,2236
0093096898,2237
0095842008,2238
0094978311,2239
0082539719,2240
0095938386,2241
0096062117,2242
0094476005,2243
0095329383,2244
0091693337,2245
0094468231,2246
0096233834,2247
0091081215,2248
0096492148,2249
0095491586,2250
0096213197,2251
0092830000,2252
0094956738,2253
0093060616,2254
0095762606,2255
0087140530,2256
0095191886,2257
0094114274,2258
0087134394,2259
0094958846,2260
0096337552,2261
0096037739,2262
0094476032,2263
0080331910,2264
0094245467,2265
0093389830,2266
0096017205,2267
0095738776,2268
0096341127,2269
0095930178,2270
0095591434,2271
0094052226,2272
0095636893,2273
0095325495,2274
0094134168,2275
0093492508,2276
0083057857,2277
0093423278,2278
0091270869,2279
0091693216,2280
0095352431,2281
0081683906,2282
0094114304,2283
0081688447,2284
0094295471,2285
0094047365,2286
0097187834,2287
0093503991,2288
0091270872,2289
0094223574,2290
0096522488,2291
0095808928,2292
0086663985,2293
0095491561,2294
0095153136,2295
0096491970,2296
0094573333,2297
0094573590,2298
0096144309,2299
0096031123,2300
0096144118,2301
0096213158,2302
0094114644,2303
0096405195,2304
0094245674,2305
0094124919,2306
0081683466,2307
0095939127,2308
0081688829,2309
0095396930,2310
0095192124,2311
0093385983,2312
0039045016,2313
0095931043,2314
0093385822,2315
0095531073,2316
0093096859,2317
0094426810,2318
0096475562,2319
0094133705,2320
0095531085,2321
0093423648,2322
0094957810,2323
0097082150,2324
0094338578,2325
0095369221,2326
0092023078,2327
0087134039,2328
0096540106,2329
0091693421,2330
0094911722,2331
0096172878,2332
0094339591,2333
0094426929,2334
0095994780,2335
0095280313,2336
0056361147,2337
0091271186,2338
0094907896,2339
0085087143,2340
0094124824,2341
0093423623,2342
0080579615,2343
0094476373,2344
0094047107,2345
0087538402,2346
0094340011,2347
0093501532,2348
0081683512,2349
0095187660,2350
0096471745,2351
0095933708,2352
0097028187,2353
0096405131,2354
0094124715,2355
0096404912,2356
0094223700,2357
0094394646,2358
0096062131,2359
0095701316,2360
0092023080,2361
0091081349,2362
0092829600,2363
0095325514,2364
0096069025,2365
0094426807,2366
0097028092,2367
0092022643,2368
0095191904,2369
0094049745,2370
0095369533,2371
0095591314,2372
0095636745,2373
0095397026,2374
0094394333,2375
0093462241,2376
0095681849,2377
0094124997,2378
0094260779,2379
0095067644,2380
0096310582,2381
0094052214,2382
0096404936,2383
0094476509,2384
0092023014,2385
0097054002,2386
0096287366,2387
0096049322,2388
0095989375,2389
0094295514,2390
0094476454,2391
0094049242,2392
0091270557,2393
0096234221,2394
0095153149,2395
0094200902,2396
0087134219,2397
0088254764,2398
0089796736,2399
0093952421,2400
0094685628,2401
0096017175,2402
0096017379,2403
0094245813,2404
0096062675,2405
0096062699,2406
0097187917,2407
0096417990,2408
0094295592,2409
0094978375,2410
0096068408,2411
0091692198,2412
0095859510,2413
0096405183,2414
0096410766,2415
0095681876,2416
0095191152,2417
0097028162,2418
0095930920,2419
0092023026,2420
0093389594,2421
0083057818,2422
0095478560,2423
0087970459,2424
0093504281,2425
0094125320,2426
0094884813,2427
0094394888,2428
0094245661,2429
0092023366,2430
0093389433,2431
0096166134,2432
0096031220,2433
0095067586,2434
0097187789,2435
0091384182,2436
0096213012,2437
0097082092,2438
0038359510,2439
0095738694,2440
0094338117,2441
0088802207,2442
0081684056,2443
0096062335,2444
0097028123,2445
0094125114,2446
0093389503,2447
0094245577,2448
0081683551,2449
0095264204,2450
0096172826,2451
0096116733,2452
0095936242,2453
0094047110,2454
0096234233,2455
0096068902,2456
0093502410,2457
0094224858,2458
0094426695,2459
0094134578,2460
0096062323,2461
0094260863,2462
0095325756,2463
0094125299,2464
0081683633,2465
0095759213,2466
0096069378,2467
0091271025,2468
0080579775,2469
0093389340,2470
0095547510,2471
0093389377,2472
0096069380,2473
0091693228,2474
0095191791,2475
0094114598,2476
0093503216,2477
0096617643,2478
0085087170,2479
0096144099,2480
0094394263,2481
0094124863,2482
0096172987,2483
0096062168,2484
0094956957,2485
0095933596,2486
0095192219,2487
0094049690,2488
0096172948,2489
0096062608,2490
0061019580,2491
0080331934,2492
0095547371,2493
0096393138,2494
0094338278,2495
0096049291,2496
0094394849,2497
0094245430,2498
0095938403,2499
0095072078,2500
0095591531,2501
0092829613,2502
0093423350,2503
0093385791,2504
0095767914,2505
0096172880,2506
0094492764,2507
0094295495,2508
0094947505,2509
0080579832,2510
0096405098,2511
0095369412,2512
0094245698,2513
0092407340,2514
0095362197,2515
0094426574,2516
0093389816,2517
0095933845,2518
0094492789,2519
0094685682,2520
0094260849,2521
0094295483,2522
0080579818,2523
0087191758,2524
0096491967,2525
0087133886,2526
0096172771,2527
0088254725,2528
0080579762,2529
0096522463,2530
0097187807,2531
0096028451,2532
0096373268,2533
0095738749,2534
0096233917,2535
0096784280,2536
0095358148,2537
0095005545,2538
0090053953,2539
0095738736,2540
0094236970,2541
0081683212,2542
0081683290,2543
0096027671,2544
0097028150,2545
0096049237,2546
0087140652,2547
0094911747,2548
0093059942,2549
0094340075,2550
0094339891,2551
0094476524,2552
0095606602,2553
0087538524,2554
0094476154,2555
0095397342,2556
0096475738,2557
0093389352,2558
0094978399,2559
0095938470,2560
0092384096,2561
0094125101,2562
0093385886,2563
0094295578,2564
0095606723,2565
0093389991,2566
0091270615,2567
0087134806,2568
0095067752,2569
0080579654,2570
0096030093,2571
0094236994,2572
0094124809,2573
0095930211,2574
0095933896,2575
0091081202,2576
0094573358,2577
0094573439,2578
0095666442,2579
0096031187,2580
0093462253,2581
0093389528,2582
0095938659,2583
0095689841,2584
0087538415,2585
0095759225,2586
0091384237,2587
0095938998,2588
0093951256,2589
0087134412,2590
0087538442,2591
0095606818,2592
0095761622,2593
0087134860,2594
0095393863,2595
0085087194,2596
0085087128,2597
0096287245,2598
0086602630,2599
0094245755,2600
0094426617,2601
0095067764,2602
0081683793,2603
0095264107,2604
0095636720,2605
0093423662,2606
0095072080,2607
0094608283,2608
0096617585,2609
0096471949,2610
0092830217,2611
0095938622,2612
0095397038,2613
0094114298,2614
0095933735,2615
0096410779,2616
0094049239,2617
0093385789,2618
0093504239,2619
0095362900,2620
0094394439,2621
0095190899,2622
0097188643,2623
0095933711,2624
0096017381,2625
0094338495,2626
0093389497,2627
0096481461,2628
0091081309,2629
0095531128,2630
0096062311,2631
0094668850,2632
0096069353,2633
0094578000,2634
0096144075,2635
0095701285,2636
0093389855,2637
0094103108,2638
0096144120,2639
0094669016,2640
0095280090,2641
0094237014,2642
0096262954,2643
0095936202,2644
0096166159,2645
0094125004,2646
0096784323,2647
0095930996,2648
0094394442,2649
0095954524,2650
0094295648,2651
0094669100,2652
0095939139,2653
0094394346,2654
0096062195,2655
0093503977,2656
0088254737,2657
0094245470,2658
0094338144,2659
0095738860,2660
0093502461,2661
0095759182,2662
0091270475,2663
0093389406,2664
0095701903,2665
0095397462,2666
0084486263,2667
0094685821,2668
0094685643,2669
0092407446,2670
0096549829,2671
0094956848,2672
0095694792,2673
0092023354,2674
0094492929,2675
0096017108,2676
0095397450,2677
0096233807,2678
0095954536,2679
0096284223,2680
0096490834,2681
0094245659,2682
0095946123,2683
0096337577,2684
0096213352,2685
0094394621,2686
0094394906,2687
0087134260,2688
0094492904,2689
0094468326,2690
0090766552,2691
0095930083,2692
0096549831,2693
0094295687,2694
0096213421,2695
0093492511,2696
0092022897,2697
0094338201,2698
0095989399,2699
0081683493,2700
0094338553,2701
0094047314,2702
0095938974,2703
0093951244,2704
0095397520,2705
0096234370,2706
0095842349,2707
0083057845,2708
0095954588,2709
0081683385,2710
0095280952,2711
0095841855,2712
0088802140,2713
0096784226,2714
0096475632,2715
0094339922,2716
0095694823,2717
0096382400,2718
0095358135,2719
0095005284,2720
0087140543,2721
0095352429,2722
0096172841,2723
0094492752,2724
0093423292,2725
0096065165,2726
0094426791,2727
0094124793,2728
0095929286,2729
0087134206,2730
0096213267,2731
0096028330,2732
0096341154,2733
0095376405,2734
0095606596,2735
0095352323,2736
0092407076,2737
0094421099,2738
0095325404,2739
0095191177,2740
0090053978,2741
0094245513,2742
0094849002,2743
0094394754,2744
0095841952,2745
0092819417,2746
0094426931,2747
0095930153,2748
0096475550,2749
0096617616,2750
0087140485,2751
0093389940,2752
0096017315,2753
0097028065,2754
0095989238,2755
0086248063,2756
0094133688,2757
0094508631,2758
0095584402,2759
0096116719,2760
0095930208,2761
0093951338,2762
0085087033,2763
0080579602,2764
0095666563,2765
0094577787,2766
0090766730,2767
0096490671,2768
0088802070,2769
0085118252,2770
0096784253,2771
0096490695,2772
0096068487,2773
0095989335,2774
0087134943,2775
0094911759,2776
0094134348,2777
0094338826,2778
0094134156,2779
0094926923,2780
0094978404,2781
0096166147,2782
0095842035,2783
0094133690,2784
0095762590,2785
0087140625,2786
0085118240,2787
0092022982,2788
0094223740,2789
0094373149,2790
0095190875,2791
0096481531,2792
0093385931,2793
0095859534,2794
0095325771,2795
0095352375,2796
0094426586,2797
0095584360,2798
0087140600,2799
0094124739,2800
0095376990,2801
0093462348,2802
0095762621,2803
0096144312,2804
0096079904,2805
0095191222,2806
0095369655,2807
0095547507,2808
0096784241,2809
0096279999,2810
0096234367,2811
0093462265,2812
0095597862,2813
0093501520,2814
0096337540,2815
0095396982,2816
0096212938,2817
0094685630,2818
0095191944,2819
0096062226,2820
0096417988,2821
0092829706,2822
0094685833,2823
0096213446,2824
0096415641,2825
0094134495,2826
0094573415,2827
0094685819,2828
0096017393,2829
0095503962,2830
0095939032,2831
0094426671,2832
0096068939,2833
0094911761,2834
0096212992,2835
0095352362,2836
0096172801,2837
0094125083,2838
0096364240,2839
0095191477,2840
0096017092,2841
0094245634,2842
0087140503,2843
0096172814,2844
0093952389,2845
0091693352,2846
0096213051,2847
0087538427,2848
0088516330,2849
0092022585,2850
0096364200,2851
0096062580,2852
0096069338,2853
0096549856,2854
0096234330,2855
0096166161,2856
0094578040,2857
0094245374,2858
0082539870,2859
0096065223,2860
0093609680,2861
0095325853,2862
0094907342,2863
0096522451,2864
0094340008,2865
0094907681,2866
0094685667,2867
0095191191,2868
0095591422,2869
0095930095,2870
0094228418,2871
0095503948,2872
0096337564,2873
0097188490,2874
0091692231,2875
0094124727,2876
0095280119,2877
0097188533,2878
0095666549,2879
0085953741,2880
0094668738,2881
0096116760,2882
0096068354,2883
0087134124,2884
0093389337,2885
0094394739,2886
0085953714,2887
0087133055,2888
0096078345,2889
0087134409,2890
0094223683,2891
0087134188,2892
0097082001,2893
0095702041,2894
0095591326,2895
0095280940,2896
0086247786,2897
0085118170,2898
0094394360,2899
0096404909,2900
0096031150,2901
0095701463,2902
0090053941,2903
0086247829,2904
0094978417,2905
0094047159,2906
0094049757,2907
0096116594,2908
0095689853,2909
0096017327,2910
0096492080,2911
0092023111,2912
0094236967,2913
0094947639,2914
0094047040,2915
0093385847,2916
0083057820,2917
0095325611,2918
0092819323,2919
0096068342,2920
0095191810,2921
0093385861,2922
0096028709,2923
0092911670,2924
0096310600,2925
0096079898,2926
0094476072,2927
0094338131,2928
0087134424,2929
0081688198,2930
0096364167,2931
0096017296,2932
0093502556,2933
0087134521,2934
0096659706,2935
0087134002,2936
0096166174,2937
0096079944,2938
0096404893,2939
0096017354,2940
0095591544,2941
0092023092,2942
0095938647,2943
0094573536,2944
0094340062,2945
0096417949,2946
0092911776,2947
0087134533,2948
0096471732,2949
0094049676,2950
0095808897,2951
0095636976,2952
0096393101,2953
0093502759,2954
0092911667,2955
0095478449,2956
0095362203,2957
0094134553,2958
0093389785,2959
0095591295,2960
0096373314,2961
0094125305,2962
0094047353,2963
0095666493,2964
0095597153,2965
0095005708,2966
0097188519,2967
0095369667,2968
0087133100,2969
0096659721,2970
0096065178,2971
0095478436,2972
0095153190,2973
0094685955,2974
0094338592,2975
0095933869,2976
0096415571,2977
0095938428,2978
0094047122,2979
0094476127,2980
0094508713,2981
0095765330,2982
0094339622,2983
0095153151,2984
0087134176,2985
0094897236,2986
0095369558,2987
0096213230,2988
0093502571,2989
0096027904,2990
0094573346,2991
0093385995,2992
0095936239,2993
0094124851,2994
0094223737,2995
0093501602,2996
0093504554,2997
0096617597,2998
0096415638,2999
0095131173,3000
0096417951,3001
0097188506,3002
0087133944,3003
0094339607,3004
0096284208,3005
0093389894,3006
0081688256,3007
0087538512,3008
0095938591,3009
0094427027,3010
0094134565,3011
0095362185,3012
0092911603,3013
0095938589,3014
0094978429,3015
0095606775,3016
0092022873,3017
0095933572,3018
0094668696,3019
0094339552,3020
0096213024,3021
0094134431,3022
0093096789,3023
0095738763,3024
0095870501,3025
0094476481,3026
0093060219,3027
0094492740,3028
0095584481,3029
0095597753,3030
0093503937,3031
0095841937,3032
0096068966,3033
0093423311,3034
0096049310,3035
0086663997,3036
0095767895,3037
0087134463,3038
0090766728,3039
0096069089,3040
0095191547,3041
0087134519,3042
0096471893,3043
0095362255,3044
0093502734,3045
0096116600,3046
0094134350,3047
0094668848,3048
0096143913,3049
0093503913,3050
0094114137,3051
0095666512,3052
0094295704,3053
0095192221,3054
0095131216,3055
0096492111,3056
0094338104,3057
0093504075,3058
0094573563,3059
0093389870,3060
0095694811,3061
0094052399,3062
0096475887,3063
0095808885,3064
0093389391,3065
0095999282,3066
0096481434,3067
0095376988,3068
0095938698,3069
0095264110,3070
0081688134,3071
0081688504,3072
0094114371,3073
0095859507,3074
0095738709,3075
0095397381,3076
0095191929,3077
0095931003,3078
0095870514,3079
0095005001,3080
0095153163,3081
0096068518,3082
0096079886,3083
0093389460,3084
0095701451,3085
0094579106,3086
0096172744,3087
0095004903,3088
0095067791,3089
0096784238,3090
0094669125,3091
0095768012,3092
0093502529,3093
0092829733,3094
0095930101,3095
0093503925,3096
0096417976,3097
0095396943,3098
0095325717,3099
0095701724,3100
0094125180,3101
0094124876,3102
0096481198,3103
0094113945,3104
0095946232,3105
0094338195,3106
0094907108,3107
0094133676,3108
0096027683,3109
0087134221,3110
0095701436,3111
0092022682,3112
0093462292,3113
0095376976,3114
0095738788,3115
0095397339,3116
0096116706,3117
0095841900,3118
0096068475,3119
0095841989,3120
0097081970,3121
0093503964,3122
0094339974,3123
0094338611,3124
0096017199,3125
0094340215,3126
0095694714,3127
0093386027,3128
0095933799,3129
0095352578,3130
0092911643,3131
0095931489,3132
0096172999,3133
0082273427,3134
0093503300,3135
0096601181,3136
0096049289,3137
0096213458,3138
0094907884,3139
0092830231,3140
0096017339,3141
0095701763,3142
0096213185,3143
0092023205,3144
0094685846,3145
0095929210,3146
0088254644,3147
0094372737,3148
0094426971,3149
0093503313,3150
0095859425,3151
0096069314,3152
0094124888,3153
0094047147,3154
0087133137,3155
0096475862,3156
0096490683,3157
0096556512,3158
0093385834,3159
0095759194,3160
0092023053,3161
0094394793,3162
0094047052,3163
0095666551,3164
0094340196,3165
0093060316,3166
0097082026,3167
0096492135,3168
0096471909,3169
0095930114,3170
0092022597,3171
0096233874,3172
0096065211,3173
0094957764,3174
0096172950,3175
0096213406,3176
0094956862,3177
0094491208,3178
0096213433,3179
0094228579,3180
0094125017,3181
0094339907,3182
0096079874,3183
0094190619,3184
0093501435,3185
0094668823,3186
0095559413,3187
0085380299,3188
0094124779,3189
0085381177,3190
0094134144,3191
0096471757,3192
0094476493,3193
0095938728,3194
0095933857,3195
0094911774,3196
0087134488,3197
0092819129,3198
0096037727,3199
0095191671,3200
0092023220,3201
0096144132,3202
0092911763,3203
0094394251,3204
0094113905,3205
0096415544,3206
0097028078,3207
0096522436,3208
0094394385,3209
0093504312,3210
0095954563,3211
0095606799,3212
0093503255,3213
0095808916,3214
0094373124,3215
0081688926,3216
0093462311,3217
