PartNumber,ProductId
P000007188,1
P000039567,2
P000150704,3
P000154461,4
P000160927,5
P000170879,6
P000193522,7
P000201191,8
P000201193,9
P000203161,10
P000203230,11
P000205305,12
P000205306,13
P000205309,14
P000205310,15
P000205316,16
P000205318,17
P000205321,18
P000205677,19
P000205678,20
P000205681,21
P000205682,22
P000205722,23
P000205723,24
P000205726,25
P000206866,26
P000206870,27
P000206871,28
P000206882,29
P000206886,30
P000206888,31
P000206889,32
P000208500,33
P000208502,34
P000208504,35
P000208505,36
P000209009,37
P000209011,38
P000209013,39
P000209014,40
P000209016,41
P000209017,42
P000209019,43
P000209025,44
P000209030,45
P000209035,46
P000209036,47
P000210538,48
P000210540,49
P000210547,50
P000210548,51
P000210550,52
P000210563,53
P000210587,54
P000210588,55
P000212994,56
P000213098,57
P000213100,58
P000213102,59
P000213687,60
P000213692,61
P000213706,62
P000214876,63
P000214877,64
P000214878,65
P000214879,66
P000214880,67
P000214881,68
P000214882,69
P000215398,70
P000215505,71
P000215507,72
P000215555,73
P000215774,74
P000215876,75
P000215919,76
P000215923,77
P000215927,78
P000215932,79
P000215934,80
P000215941,81
P000215945,82
P000215949,83
P000215952,84
P000216161,85
P000217045,86
P000217094,87
P000218266,88
P000218267,89
P000218269,90
P000218270,91
P000218271,92
P000218509,93
P000218707,94
P000218934,95
P000218937,96
P000219060,97
P000219061,98
P000219062,99
P000219063,100
P000219065,101
P000219066,102
P000219067,103
P000219068,104
P000219070,105
P000219072,106
P000219082,107
P000219083,108
P000219534,109
P000219535,110
P000219537,111
P000219544,112
P000219545,113
P000219548,114
P000219602,115
P000219608,116
P000221292,117
P000222733,118
P000224185,119
P000224186,120
P000224598,121
P000224599,122
P000224607,123
P000017046,124
P000043358,125
P000144685,126
P000145549,127
P000164919,128
P000164920,129
P000188074,130
P000191164,131
P000192847,132
P000202937,133
P000202938,134
P000215197,135
P000215608,136
P000217124,137
P000217126,138
P000151742,139
P000158138,140
P000158146,141
P000162706,142
P000175058,143
P000175059,144
P000175315,145
P000175319,146
P000175326,147
P000175329,148
P000175331,149
P000182231,150
P000183461,151
P000202266,152
P000202268,153
P000202272,154
P000202273,155
P000202279,156
P000202283,157
P000202285,158
P000202286,159
P000202289,160
P000202291,161
P000202295,162
P000202297,163
P000202299,164
P000202300,165
P000202301,166
P000202303,167
P000202305,168
P000202310,169
P000202312,170
P000202686,171
P000202692,172
P000202693,173
P000202696,174
P000202697,175
P000202834,176
P000202839,177
P000202840,178
P000202841,179
P000202842,180
P000202843,181
P000202845,182
P000202847,183
P000202848,184
P000202849,185
P000202851,186
P000202852,187
P000207142,188
P000207143,189
P000207153,190
P000207172,191
P000207175,192
P000207184,193
P000208903,194
P000208905,195
P000208908,196
P000208910,197
P000208916,198
P000208918,199
P000210871,200
P000217155,201
P000219619,202
P000219621,203
P000219622,204
P000219625,205
P000219670,206
P000219676,207
P000219694,208
P000219701,209
P000219703,210
P000219704,211
P000219708,212
P000219712,213
P000219715,214
P000219717,215
P000219719,216
P000121246,217
P000149356,218
P000155545,219
P000183349,220
P000184683,221
P000185129,222
P000200510,223
P000200938,224
P000201083,225
P000201486,226
P000201507,227
P000202599,228
P000202909,229
P000203174,230
P000203313,231
P000203592,232
P000203638,233
P000203641,234
P000203656,235
P000203742,236
P000203801,237
P000203891,238
P000204647,239
P000205261,240
P000205265,241
P000206649,242
P000206671,243
P000206675,244
P000206683,245
P000206779,246
P000206783,247
P000207279,248
P000207904,249
P000208029,250
P000208164,251
P000210448,252
P000210800,253
P000210807,254
P000210809,255
P000210810,256
P000211585,257
P000211874,258
P000212492,259
P000212690,260
P000212912,261
P000213062,262
P000213343,263
P000213447,264
P000213499,265
P000213849,266
P000213853,267
P000213889,268
P000214171,269
P000214471,270
P000214496,271
P000214540,272
P000214773,273
P000214807,274
P000215074,275
P000215077,276
P000215080,277
P000215126,278
P000215673,279
P000216012,280
P000216636,281
P000217132,282
P000217135,283
P000217284,284
P000217361,285
P000217594,286
P000217642,287
P000217645,288
P000217649,289
P000217651,290
P000217675,291
P000217873,292
P000218952,293
P000219503,294
P000219683,295
P000219693,296
P000219713,297
P000219716,298
P000220059,299
P000220392,300
P000220518,301
P000220625,302
P000220678,303
P000220856,304
P000221028,305
P000221033,306
P000221034,307
P000221035,308
P000221037,309
P000221755,310
P000221757,311
P000221763,312
P000221768,313
P000221792,314
P000222128,315
P000223294,316
P000223416,317
P000223423,318
P000223439,319
P000223554,320
P000223567,321
P000223656,322
P000223951,323
P000224447,324
P000224585,325
P000224587,326
P000225179,327
P000225303,328
P000225487,329
P000226010,330
P000226775,331
P000205756,332
P000205774,333
P000205780,334
P000205791,335
P000205792,336
P000207797,337
P000208416,338
P000208645,339
P000210513,340
P000210585,341
P000210586,342
P000212437,343
P000212884,344
P000212895,345
P000213388,346
P000213389,347
P000213391,348
P000214022,349
P000215172,350
P000215177,351
P000216081,352
P000219884,353
P000219950,354
P000219959,355
P000219998,356
P000220054,357
P000220080,358
P000220406,359
P000220407,360
P000220410,361
P000220412,362
P000220413,363
P000220419,364
P000220554,365
P000220562,366
P000220685,367
P000220694,368
P000220697,369
P000220734,370
P000220756,371
P000220759,372
P000220811,373
P000220889,374
P000221027,375
P000221030,376
P000221036,377
P000221045,378
P000221063,379
P000221098,380
P000221122,381
P000221125,382
P000221144,383
P000221276,384
P000221278,385
P000222473,386
P000222474,387
P000222475,388
P000222478,389
P000222548,390
P000223545,391
P000223770,392
P000223955,393
P000224116,394
P000224118,395
P000224121,396
P000224122,397
P000224133,398
P000224134,399
P000224135,400
P000224164,401
P000224990,402
P000225026,403
P000225031,404
P000225037,405
P000225039,406
P000225041,407
P000225628,408
P000226227,409
P000226229,410
