skuId,refId,markup,listPrice,basePrice,costPrice
,32448426,,34.99,34.99,34.99
,32448453,,34.99,34.99,34.99
,32448478,,34.99,34.99,34.99
,32448480,,40,40,40
,32448508,,34.99,34.99,34.99
,32448511,,40,40,40
,32448535,,34.99,34.99,34.99
,32448548,,34.99,34.99,34.99
,32448550,,34.99,34.99,34.99
,32448562,,40,40,40
,32512844,,34.99,34.99,34.99
,38359425,,34.99,34.99,34.99
,38359437,,34.99,34.99,34.99
,38359440,,34.99,34.99,34.99
,38359452,,34.99,34.99,34.99
,38359507,,34.99,34.99,34.99
,38359510,,34.99,34.99,34.99
,38359522,,34.99,34.99,34.99
,38359534,,34.99,34.99,34.99
,39045016,,34.99,34.99,34.99
,39045028,,34.99,34.99,34.99
,39045030,,34.99,34.99,34.99
,39045043,,34.99,34.99,34.99
,42956139,,34.99,34.99,34.99
,42956179,,34.99,34.99,34.99
,45121428,,34.99,34.99,34.99
,46083110,,34.99,34.99,34.99
,46083122,,34.99,34.99,34.99
,46083134,,34.99,34.99,34.99
,46083147,,34.99,34.99,34.99
,48108532,,34.99,34.99,34.99
,49164988,,34.99,34.99,34.99
,49164990,,34.99,34.99,34.99
,49165007,,34.99,34.99,34.99
,52298611,,34.99,34.99,34.99
,52298623,,34.99,34.99,34.99
,52298635,,34.99,34.99,34.99
,52298648,,34.99,34.99,34.99
,52298650,,34.99,34.99,34.99
,54483799,,34.99,34.99,34.99
,54483805,,34.99,34.99,34.99
,54483818,,34.99,34.99,34.99
,54483832,,34.99,34.99,34.99
,54483845,,34.99,34.99,34.99
,54483857,,40,40,40
,54488907,,34.99,34.99,34.99
,54488910,,34.99,34.99,34.99
,54488947,,40,40,40
,54488959,,34.99,34.99,34.99
,54488974,,34.99,34.99,34.99
,54488986,,40,40,40
,54488998,,34.99,34.99,34.99
,54489018,,34.99,34.99,34.99
,54489020,,34.99,34.99,34.99
,54489045,,34.99,34.99,34.99
,54489057,,34.99,34.99,34.99
,54489096,,40,40,40
,54489127,,40,40,40
,54489154,,40,40,40
,56361089,,39.99,39.99,39.99
,56361091,,39.99,39.99,39.99
,56361107,,39.99,39.99,39.99
,56361110,,39.99,39.99,39.99
,56361122,,39.99,39.99,39.99
,56361134,,39.99,39.99,39.99
,56361147,,39.99,39.99,39.99
,56361159,,39.99,39.99,39.99
,56361161,,39.99,39.99,39.99
,56361174,,39.99,39.99,39.99
,56361231,,39.99,39.99,39.99
,56361244,,39.99,39.99,39.99
,56361256,,39.99,39.99,39.99
,56361268,,39.99,39.99,39.99
,56361271,,39.99,39.99,39.99
,59811567,,40,40,40
,59811570,,34.99,34.99,34.99
,59811582,,40,40,40
,59811600,,34.99,34.99,34.99
,59811625,,34.99,34.99,34.99
,59811637,,34.99,34.99,34.99
,59811640,,40,40,40
,59811691,,34.99,34.99,34.99
,59811706,,34.99,34.99,34.99
,59811719,,34.99,34.99,34.99
,59811746,,34.99,34.99,34.99
,59811758,,34.99,34.99,34.99
,59811760,,40,40,40
,59811785,,40,40,40
,59811882,,40,40,40
,59811894,,34.99,34.99,34.99
,59811900,,40,40,40
,59811925,,40,40,40
,59811940,,40,40,40
,59811952,,34.99,34.99,34.99
,59811964,,34.99,34.99,34.99
,59811989,,34.99,34.99,34.99
,59811991,,34.99,34.99,34.99
,59812008,,34.99,34.99,34.99
,59812011,,40,40,40
,59812023,,40,40,40
,59812035,,34.99,34.99,34.99
,59812048,,40,40,40
,59812062,,34.99,34.99,34.99
,61019578,,39.99,39.99,39.99
,61019580,,39.99,39.99,39.99
,61019592,,39.99,39.99,39.99
,61019608,,39.99,39.99,39.99
,61019611,,39.99,39.99,39.99
,63146943,,34.99,34.99,34.99
,63146970,,34.99,34.99,34.99
,66733146,,39.99,39.99,39.99
,66733158,,39.99,39.99,39.99
,66733160,,39.99,39.99,39.99
,66733173,,39.99,39.99,39.99
,66733185,,39.99,39.99,39.99
,69851474,,34.99,34.99,34.99
,69851486,,34.99,34.99,34.99
,69851498,,34.99,34.99,34.99
,69851504,,34.99,34.99,34.99
,69851517,,34.99,34.99,34.99
,69851531,,34.99,34.99,34.99
,69851544,,40,40,40
,69851556,,34.99,34.99,34.99
,69851583,,34.99,34.99,34.99
,69851595,,34.99,34.99,34.99
,69851626,,34.99,34.99,34.99
,69851638,,34.99,34.99,34.99
,69851641,,40,40,40
,69851653,,34.99,34.99,34.99
,69851665,,34.99,34.99,34.99
,69851692,,34.99,34.99,34.99
,69851707,,34.99,34.99,34.99
,69851710,,34.99,34.99,34.99
,69851734,,34.99,34.99,34.99
,69851759,,34.99,34.99,34.99
,69851786,,34.99,34.99,34.99
,69851804,,40,40,40
,69851817,,40,40,40
,69851831,,40,40,40
,69851856,,40,40,40
,69851868,,34.99,34.99,34.99
,69851871,,34.99,34.99,34.99
,69851895,,34.99,34.99,34.99
,69851901,,34.99,34.99,34.99
,69851914,,34.99,34.99,34.99
,69851926,,34.99,34.99,34.99
,69851938,,34.99,34.99,34.99
,69851953,,34.99,34.99,34.99
,69851965,,34.99,34.99,34.99
,69851980,,34.99,34.99,34.99
,69851992,,40,40,40
,69852964,,34.99,34.99,34.99
,69853023,,40,40,40
,69853035,,34.99,34.99,34.99
,69853099,,40,40,40
,69853145,,34.99,34.99,34.99
,69853157,,34.99,34.99,34.99
,69853172,,40,40,40
,69853239,,34.99,34.99,34.99
,69853242,,34.99,34.99,34.99
,69853266,,34.99,34.99,34.99
,69853293,,34.99,34.99,34.99
,69853309,,34.99,34.99,34.99
,69853324,,34.99,34.99,34.99
,69853363,,34.99,34.99,34.99
,75505408,,34.99,34.99,34.99
,75505423,,34.99,34.99,34.99
,77082195,,34.99,34.99,34.99
,77082214,,34.99,34.99,34.99
,77082226,,34.99,34.99,34.99
,77082238,,34.99,34.99,34.99
,77082253,,34.99,34.99,34.99
,77082265,,34.99,34.99,34.99
,77082278,,34.99,34.99,34.99
,77082280,,34.99,34.99,34.99
,77082292,,34.99,34.99,34.99
,77082348,,34.99,34.99,34.99
,77082350,,34.99,34.99,34.99
,77082362,,34.99,34.99,34.99
,77082399,,34.99,34.99,34.99
,77082404,,34.99,34.99,34.99
,77082417,,34.99,34.99,34.99
,77082431,,34.99,34.99,34.99
,77082444,,34.99,34.99,34.99
,77326710,,13,13,13
,80331755,,34.99,34.99,34.99
,80331767,,34.99,34.99,34.99
,80331770,,34.99,34.99,34.99
,80331782,,34.99,34.99,34.99
,80331794,,34.99,34.99,34.99
,80331907,,34.99,34.99,34.99
,80331910,,34.99,34.99,34.99
,80331922,,34.99,34.99,34.99
,80331934,,34.99,34.99,34.99
,80579487,,19.99,19.99,19.99
,80579499,,19.99,19.99,19.99
,80579505,,19.99,19.99,19.99
,80579518,,19.99,19.99,19.99
,80579520,,19.99,19.99,19.99
,80579532,,19.99,19.99,19.99
,80579602,,19.99,19.99,19.99
,80579615,,19.99,19.99,19.99
,80579627,,19.99,19.99,19.99
,80579639,,19.99,19.99,19.99
,80579642,,19.99,19.99,19.99
,80579654,,19.99,19.99,19.99
,80579723,,19.99,19.99,19.99
,80579735,,19.99,19.99,19.99
,80579748,,19.99,19.99,19.99
,80579750,,19.99,19.99,19.99
,80579762,,19.99,19.99,19.99
,80579775,,19.99,19.99,19.99
,80579787,,19.99,19.99,19.99
,80579799,,19.99,19.99,19.99
,80579805,,19.99,19.99,19.99
,80579818,,19.99,19.99,19.99
,80579820,,19.99,19.99,19.99
,80579832,,19.99,19.99,19.99
,80715701,,34.99,34.99,34.99
,80715714,,34.99,34.99,34.99
,80715726,,34.99,34.99,34.99
,80715753,,34.99,34.99,34.99
,80715780,,34.99,34.99,34.99
,80715792,,34.99,34.99,34.99
,80715808,,34.99,34.99,34.99
,80715811,,34.99,34.99,34.99
,80715850,,34.99,34.99,34.99
,80715862,,34.99,34.99,34.99
,80715875,,34.99,34.99,34.99
,80715905,,34.99,34.99,34.99
,80715918,,34.99,34.99,34.99
,80715920,,34.99,34.99,34.99
,80715945,,34.99,34.99,34.99
,80715957,,34.99,34.99,34.99
,80715969,,34.99,34.99,34.99
,80999751,,34.99,34.99,34.99
,80999788,,34.99,34.99,34.99
,80999806,,34.99,34.99,34.99
,80999819,,34.99,34.99,34.99
,80999821,,34.99,34.99,34.99
,80999846,,34.99,34.99,34.99
,80999858,,34.99,34.99,34.99
,80999860,,34.99,34.99,34.99
,80999873,,34.99,34.99,34.99
,80999885,,34.99,34.99,34.99
,80999897,,34.99,34.99,34.99
,80999903,,34.99,34.99,34.99
,80999943,,34.99,34.99,34.99
,80999955,,34.99,34.99,34.99
,80999967,,34.99,34.99,34.99
,80999994,,34.99,34.99,34.99
,81000008,,34.99,34.99,34.99
,81000011,,34.99,34.99,34.99
,81000035,,34.99,34.99,34.99
,81000050,,34.99,34.99,34.99
,81683209,,34.99,34.99,34.99
,81683212,,34.99,34.99,34.99
,81683251,,34.99,34.99,34.99
,81683263,,34.99,34.99,34.99
,81683276,,34.99,34.99,34.99
,81683288,,34.99,34.99,34.99
,81683290,,34.99,34.99,34.99
,81683306,,34.99,34.99,34.99
,81683319,,34.99,34.99,34.99
,81683333,,34.99,34.99,34.99
,81683346,,34.99,34.99,34.99
,81683358,,34.99,34.99,34.99
,81683373,,34.99,34.99,34.99
,81683385,,34.99,34.99,34.99
,81683397,,34.99,34.99,34.99
,81683466,,34.99,34.99,34.99
,81683493,,34.99,34.99,34.99
,81683512,,34.99,34.99,34.99
,81683524,,34.99,34.99,34.99
,81683536,,34.99,34.99,34.99
,81683551,,34.99,34.99,34.99
,81683563,,34.99,34.99,34.99
,81683576,,34.99,34.99,34.99
,81683590,,34.99,34.99,34.99
,81683606,,34.99,34.99,34.99
,81683619,,34.99,34.99,34.99
,81683633,,34.99,34.99,34.99
,81683646,,34.99,34.99,34.99
,81683658,,34.99,34.99,34.99
,81683727,,34.99,34.99,34.99
,81683779,,34.99,34.99,34.99
,81683781,,34.99,34.99,34.99
,81683793,,34.99,34.99,34.99
,81683812,,34.99,34.99,34.99
,81683824,,34.99,34.99,34.99
,81683836,,34.99,34.99,34.99
,81683851,,34.99,34.99,34.99
,81683863,,34.99,34.99,34.99
,81683876,,34.99,34.99,34.99
,81683890,,34.99,34.99,34.99
,81683906,,34.99,34.99,34.99
,81683919,,34.99,34.99,34.99
,81683985,,34.99,34.99,34.99
,81684017,,34.99,34.99,34.99
,81684029,,34.99,34.99,34.99
,81684031,,34.99,34.99,34.99
,81684044,,34.99,34.99,34.99
,81684056,,34.99,34.99,34.99
,81684071,,34.99,34.99,34.99
,81684083,,34.99,34.99,34.99
,81684095,,34.99,34.99,34.99
,81684114,,34.99,34.99,34.99
,81684126,,34.99,34.99,34.99
,81684138,,34.99,34.99,34.99
,81684153,,34.99,34.99,34.99
,81684165,,34.99,34.99,34.99
,81684178,,34.99,34.99,34.99
,81688107,,34.99,34.99,34.99
,81688110,,34.99,34.99,34.99
,81688134,,34.99,34.99,34.99
,81688147,,34.99,34.99,34.99
,81688159,,34.99,34.99,34.99
,81688161,,34.99,34.99,34.99
,81688174,,34.99,34.99,34.99
,81688186,,34.99,34.99,34.99
,81688198,,34.99,34.99,34.99
,81688204,,34.99,34.99,34.99
,81688217,,34.99,34.99,34.99
,81688229,,34.99,34.99,34.99
,81688244,,34.99,34.99,34.99
,81688256,,34.99,34.99,34.99
,81688268,,34.99,34.99,34.99
,81688365,,34.99,34.99,34.99
,81688378,,34.99,34.99,34.99
,81688392,,34.99,34.99,34.99
,81688407,,34.99,34.99,34.99
,81688410,,34.99,34.99,34.99
,81688422,,34.99,34.99,34.99
,81688447,,34.99,34.99,34.99
,81688459,,34.99,34.99,34.99
,81688461,,34.99,34.99,34.99
,81688474,,34.99,34.99,34.99
,81688486,,34.99,34.99,34.99
,81688504,,34.99,34.99,34.99
,81688517,,34.99,34.99,34.99
,81688529,,34.99,34.99,34.99
,81688817,,34.99,34.99,34.99
,81688829,,34.99,34.99,34.99
,81688844,,34.99,34.99,34.99
,81688868,,34.99,34.99,34.99
,81688883,,34.99,34.99,34.99
,81688901,,34.99,34.99,34.99
,81688926,,34.99,34.99,34.99
,81688941,,34.99,34.99,34.99
,81688965,,34.99,34.99,34.99
,81688992,,34.99,34.99,34.99
,81689009,,34.99,34.99,34.99
,81689024,,34.99,34.99,34.99
,81689036,,34.99,34.99,34.99
,81689049,,34.99,34.99,34.99
,82273427,,13,13,13
,82273563,,13,13,13
,82539719,,13,13,13
,82539746,,13,13,13
,82539803,,13,13,13
,82539867,,13,13,13
,82539870,,13,13,13
,82539937,,13,13,13
,83057805,,19.99,19.99,19.99
,83057818,,19.99,19.99,19.99
,83057820,,19.99,19.99,19.99
,83057832,,19.99,19.99,19.99
,83057845,,19.99,19.99,19.99
,83057857,,19.99,19.99,19.99
,84486263,,39.99,39.99,39.99
,84486276,,39.99,39.99,39.99
,84486288,,39.99,39.99,39.99
,84486290,,39.99,39.99,39.99
,84486306,,39.99,39.99,39.99
,84486319,,39.99,39.99,39.99
,84486321,,39.99,39.99,39.99
,84486333,,39.99,39.99,39.99
,84486385,,39.99,39.99,39.99
,84486397,,39.99,39.99,39.99
,84486402,,39.99,39.99,39.99
,84486415,,39.99,39.99,39.99
,85087019,,29.4,29.4,29.4
,85087021,,29.4,29.4,29.4
,85087033,,29.4,29.4,29.4
,85087046,,29.4,29.4,29.4
,85087058,,29.4,29.4,29.4
,85087060,,29.4,29.4,29.4
,85087073,,29.4,29.4,29.4
,85087085,,29.4,29.4,29.4
,85087097,,29.4,29.4,29.4
,85087103,,29.4,29.4,29.4
,85087116,,29.4,29.4,29.4
,85087128,,29.4,29.4,29.4
,85087130,,29.4,29.4,29.4
,85087143,,29.4,29.4,29.4
,85087155,,29.4,29.4,29.4
,85087167,,29.4,29.4,29.4
,85087170,,29.4,29.4,29.4
,85087182,,29.4,29.4,29.4
,85087194,,29.4,29.4,29.4
,85087200,,29.4,29.4,29.4
,85087252,,29.4,29.4,29.4
,85087264,,29.4,29.4,29.4
,85087277,,29.4,29.4,29.4
,85087289,,29.4,29.4,29.4
,85118130,,13,13,13
,85118170,,13,13,13
,85118240,,13,13,13
,85118252,,13,13,13
,85118289,,13,13,13
,85120564,,13,13,13
,85380299,,15,15,15
,85380345,,15,15,15
,85380453,,15,15,15
,85381043,,15,15,15
,85381177,,15,15,15
,85382749,,15,15,15
,85953684,,39.99,39.99,39.99
,85953696,,39.99,39.99,39.99
,85953701,,39.99,39.99,39.99
,85953714,,39.99,39.99,39.99
,85953726,,39.99,39.99,39.99
,85953738,,39.99,39.99,39.99
,85953741,,39.99,39.99,39.99
,85953753,,39.99,39.99,39.99
,86247774,,50,50,50
,86247786,,50,50,50
,86247829,,50,50,50
,86247831,,50,50,50
,86247844,,50,50,50
,86247856,,50,50,50
,86248063,,50,50,50
,86602630,,39.99,39.99,39.99
,86602643,,39.99,39.99,39.99
,86663973,,39.99,39.99,39.99
,86663985,,39.99,39.99,39.99
,86663997,,39.99,39.99,39.99
,86664004,,39.99,39.99,39.99
,86711806,,29.4,29.4,29.4
,86711819,,29.4,29.4,29.4
,87099823,,29.4,29.4,29.4
,87099862,,29.4,29.4,29.4
,87099875,,29.4,29.4,29.4
,87099887,,29.4,29.4,29.4
,87099899,,29.4,29.4,29.4
,87099905,,29.4,29.4,29.4
,87099918,,29.4,29.4,29.4
,87099932,,29.4,29.4,29.4
,87099945,,29.4,29.4,29.4
,87099957,,29.4,29.4,29.4
,87099969,,29.4,29.4,29.4
,87099972,,29.4,29.4,29.4
,87133016,,34.99,34.99,34.99
,87133028,,34.99,34.99,34.99
,87133055,,34.99,34.99,34.99
,87133067,,34.99,34.99,34.99
,87133070,,34.99,34.99,34.99
,87133094,,34.99,34.99,34.99
,87133100,,34.99,34.99,34.99
,87133113,,34.99,34.99,34.99
,87133137,,34.99,34.99,34.99
,87133140,,34.99,34.99,34.99
,87133152,,34.99,34.99,34.99
,87133886,,34.99,34.99,34.99
,87133898,,34.99,34.99,34.99
,87133929,,34.99,34.99,34.99
,87133931,,34.99,34.99,34.99
,87133944,,34.99,34.99,34.99
,87133968,,34.99,34.99,34.99
,87133971,,34.99,34.99,34.99
,87133983,,34.99,34.99,34.99
,87134002,,34.99,34.99,34.99
,87134015,,34.99,34.99,34.99
,87134027,,34.99,34.99,34.99
,87134039,,34.99,34.99,34.99
,87134124,,34.99,34.99,34.99
,87134136,,34.99,34.99,34.99
,87134163,,34.99,34.99,34.99
,87134176,,34.99,34.99,34.99
,87134188,,34.99,34.99,34.99
,87134206,,34.99,34.99,34.99
,87134219,,34.99,34.99,34.99
,87134221,,34.99,34.99,34.99
,87134246,,34.99,34.99,34.99
,87134258,,34.99,34.99,34.99
,87134260,,34.99,34.99,34.99
,87134273,,34.99,34.99,34.99
,87134285,,34.99,34.99,34.99
,87134367,,34.99,34.99,34.99
,87134370,,34.99,34.99,34.99
,87134394,,34.99,34.99,34.99
,87134409,,34.99,34.99,34.99
,87134412,,34.99,34.99,34.99
,87134424,,34.99,34.99,34.99
,87134436,,34.99,34.99,34.99
,87134449,,34.99,34.99,34.99
,87134451,,34.99,34.99,34.99
,87134463,,34.99,34.99,34.99
,87134476,,34.99,34.99,34.99
,87134488,,34.99,34.99,34.99
,87134490,,34.99,34.99,34.99
,87134506,,34.99,34.99,34.99
,87134519,,34.99,34.99,34.99
,87134521,,34.99,34.99,34.99
,87134533,,34.99,34.99,34.99
,87134806,,34.99,34.99,34.99
,87134819,,34.99,34.99,34.99
,87134846,,34.99,34.99,34.99
,87134858,,34.99,34.99,34.99
,87134860,,34.99,34.99,34.99
,87134885,,34.99,34.99,34.99
,87134897,,34.99,34.99,34.99
,87134903,,34.99,34.99,34.99
,87134928,,34.99,34.99,34.99
,87134930,,34.99,34.99,34.99
,87134943,,34.99,34.99,34.99
,87140485,,34.99,34.99,34.99
,87140497,,34.99,34.99,34.99
,87140503,,34.99,34.99,34.99
,87140516,,34.99,34.99,34.99
,87140528,,34.99,34.99,34.99
,87140530,,34.99,34.99,34.99
,87140543,,34.99,34.99,34.99
,87140567,,34.99,34.99,34.99
,87140570,,34.99,34.99,34.99
,87140582,,34.99,34.99,34.99
,87140600,,34.99,34.99,34.99
,87140613,,34.99,34.99,34.99
,87140625,,34.99,34.99,34.99
,87140637,,34.99,34.99,34.99
,87140652,,34.99,34.99,34.99
,87191758,,39.99,39.99,39.99
,87191760,,39.99,39.99,39.99
,87191773,,39.99,39.99,39.99
,87191785,,39.99,39.99,39.99
,87538385,,12.99,12.99,12.99
,87538397,,12.99,12.99,12.99
,87538402,,17.99,17.99,17.99
,87538415,,12.99,12.99,12.99
,87538427,,12.99,12.99,12.99
,87538439,,12.99,12.99,12.99
,87538442,,12.99,12.99,12.99
,87538454,,17.99,17.99,17.99
,87538512,,17.99,17.99,17.99
,87538524,,12.99,12.99,12.99
,87538536,,12.99,12.99,12.99
,87967678,,29.4,29.4,29.4
,87970459,,29.4,29.4,29.4
,87970461,,29.4,29.4,29.4
,87970474,,29.4,29.4,29.4
,87970486,,29.4,29.4,29.4
,87970498,,29.4,29.4,29.4
,87970556,,29.4,29.4,29.4
,87970568,,29.4,29.4,29.4
,87970571,,29.4,29.4,29.4
,87970583,,29.4,29.4,29.4
,87970595,,29.4,29.4,29.4
,88254631,,29.4,29.4,29.4
,88254644,,29.4,29.4,29.4
,88254700,,29.4,29.4,29.4
,88254713,,29.4,29.4,29.4
,88254725,,29.4,29.4,29.4
,88254737,,29.4,29.4,29.4
,88254764,,29.4,29.4,29.4
,88254822,,29.4,29.4,29.4
,88271272,,39.99,39.99,39.99
,88271284,,39.99,39.99,39.99
,88271296,,39.99,39.99,39.99
,88271302,,39.99,39.99,39.99
,88516330,,39.99,39.99,39.99
,88516355,,39.99,39.99,39.99
,88516367,,39.99,39.99,39.99
,88516370,,39.99,39.99,39.99
,88516382,,39.99,39.99,39.99
,88516394,,39.99,39.99,39.99
,88802070,,29.4,29.4,29.4
,88802082,,29.4,29.4,29.4
,88802094,,29.4,29.4,29.4
,88802137,,29.4,29.4,29.4
,88802140,,29.4,29.4,29.4
,88802177,,29.4,29.4,29.4
,88802189,,29.4,29.4,29.4
,88802191,,29.4,29.4,29.4
,88802207,,29.4,29.4,29.4
,88802210,,29.4,29.4,29.4
,88802234,,29.4,29.4,29.4
,88802247,,29.4,29.4,29.4
,88802259,,29.4,29.4,29.4
,88802261,,29.4,29.4,29.4
,89136579,,13,13,13
,89796736,,30.8,30.8,30.8
,89796749,,30.8,30.8,30.8
,89796751,,30.8,30.8,30.8
,89796763,,30.8,30.8,30.8
,89796776,,30.8,30.8,30.8
,89833496,,34.99,34.99,34.99
,90050413,,34.99,34.99,34.99
,90050425,,34.99,34.99,34.99
,90050437,,34.99,34.99,34.99
,90050440,,34.99,34.99,34.99
,90050452,,34.99,34.99,34.99
,90052080,,39.99,39.99,39.99
,90052092,,39.99,39.99,39.99
,90052108,,39.99,39.99,39.99
,90052111,,39.99,39.99,39.99
,90053938,,39.99,39.99,39.99
,90053941,,39.99,39.99,39.99
,90053953,,39.99,39.99,39.99
,90053965,,39.99,39.99,39.99
,90053978,,39.99,39.99,39.99
,90766525,,14.99,14.99,14.99
,90766537,,14.99,14.99,14.99
,90766540,,14.99,14.99,14.99
,90766552,,14.99,14.99,14.99
,90766577,,14.99,14.99,14.99
,90766589,,14.99,14.99,14.99
,90766591,,14.99,14.99,14.99
,90766607,,14.99,14.99,14.99
,90766716,,14.99,14.99,14.99
,90766728,,14.99,14.99,14.99
,90766730,,14.99,14.99,14.99
,90766743,,14.99,14.99,14.99
,91081202,,28,28,28
,91081215,,28,28,28
,91081227,,28,28,28
,91081239,,28,28,28
,91081242,,28,28,28
,91081254,,28,28,28
,91081266,,28,28,28
,91081309,,28,28,28
,91081349,,28,28,28
,91270435,,17.99,17.99,17.99
,91270448,,17.99,17.99,17.99
,91270450,,17.99,17.99,17.99
,91270462,,17.99,17.99,17.99
,91270475,,17.99,17.99,17.99
,91270487,,17.99,17.99,17.99
,91270499,,17.99,17.99,17.99
,91270505,,17.99,17.99,17.99
,91270518,,17.99,17.99,17.99
,91270520,,17.99,17.99,17.99
,91270532,,17.99,17.99,17.99
,91270545,,17.99,17.99,17.99
,91270557,,17.99,17.99,17.99
,91270569,,17.99,17.99,17.99
,91270572,,17.99,17.99,17.99
,91270584,,17.99,17.99,17.99
,91270596,,17.99,17.99,17.99
,91270602,,17.99,17.99,17.99
,91270615,,17.99,17.99,17.99
,91270627,,17.99,17.99,17.99
,91270639,,17.99,17.99,17.99
,91270666,,17.99,17.99,17.99
,91270679,,17.99,17.99,17.99
,91270681,,17.99,17.99,17.99
,91270693,,17.99,17.99,17.99
,91270708,,17.99,17.99,17.99
,91270711,,17.99,17.99,17.99
,91270723,,17.99,17.99,17.99
,91270799,,17.99,17.99,17.99
,91270820,,17.99,17.99,17.99
,91270832,,17.99,17.99,17.99
,91270845,,17.99,17.99,17.99
,91270857,,17.99,17.99,17.99
,91270869,,17.99,17.99,17.99
,91270872,,17.99,17.99,17.99
,91270896,,17.99,17.99,17.99
,91270915,,17.99,17.99,17.99
,91270927,,17.99,17.99,17.99
,91270939,,17.99,17.99,17.99
,91270942,,17.99,17.99,17.99
,91270993,,17.99,17.99,17.99
,91271013,,17.99,17.99,17.99
,91271025,,17.99,17.99,17.99
,91271040,,17.99,17.99,17.99
,91271052,,17.99,17.99,17.99
,91271064,,17.99,17.99,17.99
,91271077,,17.99,17.99,17.99
,91271134,,17.99,17.99,17.99
,91271159,,17.99,17.99,17.99
,91271161,,17.99,17.99,17.99
,91271174,,17.99,17.99,17.99
,91271186,,17.99,17.99,17.99
,91271256,,17.99,17.99,17.99
,91271341,,17.99,17.99,17.99
,91271380,,17.99,17.99,17.99
,91384182,,14.99,14.99,14.99
,91384194,,14.99,14.99,14.99
,91384200,,14.99,14.99,14.99
,91384213,,14.99,14.99,14.99
,91384225,,14.99,14.99,14.99
,91384237,,14.99,14.99,14.99
,91415958,,40,40,40
,91670705,,28,28,28
,91692198,,42,42,42
,91692204,,42,42,42
,91692217,,42,42,42
,91692229,,42,42,42
,91692231,,42,42,42
,91693203,,42,42,42
,91693216,,42,42,42
,91693228,,42,42,42
,91693230,,42,42,42
,91693243,,42,42,42
,91693313,,42,42,42
,91693325,,42,42,42
,91693337,,42,42,42
,91693340,,42,42,42
,91693352,,42,42,42
,91693419,,42,42,42
,91693421,,42,42,42
,91693433,,42,42,42
,91693446,,42,42,42
,91693458,,42,42,42
,92022573,,34.99,34.99,34.99
,92022585,,34.99,34.99,34.99
,92022597,,34.99,34.99,34.99
,92022603,,34.99,34.99,34.99
,92022616,,34.99,34.99,34.99
,92022628,,34.99,34.99,34.99
,92022630,,34.99,34.99,34.99
,92022643,,34.99,34.99,34.99
,92022655,,34.99,34.99,34.99
,92022667,,34.99,34.99,34.99
,92022670,,34.99,34.99,34.99
,92022682,,34.99,34.99,34.99
,92022694,,34.99,34.99,34.99
,92022709,,34.99,34.99,34.99
,92022712,,34.99,34.99,34.99
,92022724,,34.99,34.99,34.99
,92022736,,34.99,34.99,34.99
,92022749,,34.99,34.99,34.99
,92022751,,34.99,34.99,34.99
,92022763,,34.99,34.99,34.99
,92022776,,34.99,34.99,34.99
,92022788,,34.99,34.99,34.99
,92022790,,34.99,34.99,34.99
,92022806,,34.99,34.99,34.99
,92022819,,34.99,34.99,34.99
,92022821,,34.99,34.99,34.99
,92022833,,34.99,34.99,34.99
,92022846,,34.99,34.99,34.99
,92022858,,34.99,34.99,34.99
,92022860,,34.99,34.99,34.99
,92022873,,34.99,34.99,34.99
,92022885,,34.99,34.99,34.99
,92022897,,34.99,34.99,34.99
,92022903,,34.99,34.99,34.99
,92022916,,34.99,34.99,34.99
,92022967,,40,40,40
,92022982,,40,40,40
,92022994,,40,40,40
,92023001,,40,40,40
,92023014,,40,40,40
,92023026,,40,40,40
,92023038,,40,40,40
,92023041,,40,40,40
,92023053,,40,40,40
,92023065,,40,40,40
,92023078,,40,40,40
,92023080,,40,40,40
,92023092,,40,40,40
,92023108,,40,40,40
,92023111,,40,40,40
,92023123,,40,40,40
,92023135,,40,40,40
,92023148,,40,40,40
,92023150,,40,40,40
,92023205,,40,40,40
,92023218,,40,40,40
,92023220,,40,40,40
,92023232,,40,40,40
,92023245,,40,40,40
,92023257,,40,40,40
,92023269,,40,40,40
,92023272,,40,40,40
,92023284,,40,40,40
,92023296,,40,40,40
,92023302,,40,40,40
,92023315,,40,40,40
,92023327,,40,40,40
,92023339,,40,40,40
,92023342,,40,40,40
,92023354,,40,40,40
,92023366,,40,40,40
,92023379,,40,40,40
,92023381,,40,40,40
,92023393,,40,40,40
,92023520,,34.99,34.99,34.99
,92383194,,34.99,34.99,34.99
,92383200,,34.99,34.99,34.99
,92383213,,34.99,34.99,34.99
,92383225,,34.99,34.99,34.99
,92383237,,34.99,34.99,34.99
,92384096,,39.99,39.99,39.99
,92384102,,39.99,39.99,39.99
,92384115,,39.99,39.99,39.99
,92384127,,39.99,39.99,39.99
,92384139,,39.99,39.99,39.99
,92407076,,14.99,14.99,14.99
,92407088,,14.99,14.99,14.99
,92407090,,14.99,14.99,14.99
,92407106,,14.99,14.99,14.99
,92407270,,14.99,14.99,14.99
,92407282,,14.99,14.99,14.99
,92407294,,14.99,14.99,14.99
,92407300,,14.99,14.99,14.99
,92407337,,14.99,14.99,14.99
,92407340,,14.99,14.99,14.99
,92407352,,14.99,14.99,14.99
,92407364,,14.99,14.99,14.99
,92407421,,14.99,14.99,14.99
,92407433,,14.99,14.99,14.99
,92407446,,14.99,14.99,14.99
,92407458,,14.99,14.99,14.99
,92407460,,14.99,14.99,14.99
,92407473,,14.99,14.99,14.99
,92407485,,14.99,14.99,14.99
,92407497,,14.99,14.99,14.99
,92819129,,13,13,13
,92819226,,13,13,13
,92819323,,13,13,13
,92819417,,13,13,13
,92819514,,13,13,13
,92819565,,13,13,13
,92819580,,13,13,13
,92819880,,13,13,13
,92819923,,13,13,13
,92819975,,13,13,13
,92819987,,13,13,13
,92819999,,13,13,13
,92820048,,13,13,13
,92820099,,13,13,13
,92820145,,13,13,13
,92820157,,13,13,13
,92820202,,13,13,13
,92829594,,30,30,30
,92829600,,30,30,30
,92829613,,30,30,30
,92829706,,30,30,30
,92829733,,30,30,30
,92829746,,30,30,30
,92829758,,30,30,30
,92830000,,30,30,30
,92830013,,30,30,30
,92830122,,30,30,30
,92830134,,30,30,30
,92830217,,30,30,30
,92830229,,30,30,30
,92830231,,30,30,30
,92830268,,30,30,30
,92830271,,30,30,30
,92830283,,30,30,30
,92911573,,40,40,40
,92911585,,40,40,40
,92911597,,40,40,40
,92911603,,40,40,40
,92911616,,40,40,40
,92911628,,40,40,40
,92911630,,40,40,40
,92911643,,40,40,40
,92911655,,40,40,40
,92911667,,40,40,40
,92911670,,40,40,40
,92911682,,40,40,40
,92911694,,40,40,40
,92911709,,40,40,40
,92911712,,40,40,40
,92911724,,40,40,40
,92911736,,40,40,40
,92911749,,40,40,40
,92911751,,40,40,40
,92911763,,40,40,40
,92911776,,40,40,40
,92911788,,40,40,40
,92912135,,34.99,34.99,34.99
,92912148,,34.99,34.99,34.99
,92912150,,34.99,34.99,34.99
,92912162,,34.99,34.99,34.99
,92912175,,34.99,34.99,34.99
,92912187,,34.99,34.99,34.99
,92912199,,34.99,34.99,34.99
,92912218,,34.99,34.99,34.99
,92912220,,34.99,34.99,34.99
,92912232,,34.99,34.99,34.99
,92912245,,34.99,34.99,34.99
,92912257,,34.99,34.99,34.99
,92912269,,34.99,34.99,34.99
,92912272,,34.99,34.99,34.99
,92912284,,34.99,34.99,34.99
,92912296,,34.99,34.99,34.99
,92912327,,34.99,34.99,34.99
,92912339,,34.99,34.99,34.99
,93058412,,13,13,13
,93058573,,13,13,13
,93058585,,13,13,13
,93059942,,13,13,13
,93060124,,13,13,13
,93060136,,13,13,13
,93060190,,13,13,13
,93060219,,13,13,13
,93060221,,13,13,13
,93060233,,13,13,13
,93060246,,13,13,13
,93060260,,13,13,13
,93060285,,13,13,13
,93060316,,13,13,13
,93060370,,13,13,13
,93060616,,13,13,13
,93060667,,13,13,13
,93096725,,13,13,13
,93096789,,13,13,13
,93096810,,13,13,13
,93096859,,13,13,13
,93096898,,13,13,13
,93097367,,15,15,15
,93385752,,26.99,26.99,26.99
,93385777,,26.99,26.99,26.99
,93385789,,26.99,26.99,26.99
,93385791,,26.99,26.99,26.99
,93385807,,26.99,26.99,26.99
,93385810,,26.99,26.99,26.99
,93385822,,26.99,26.99,26.99
,93385834,,26.99,26.99,26.99
,93385847,,26.99,26.99,26.99
,93385861,,26.99,26.99,26.99
,93385874,,26.99,26.99,26.99
,93385886,,26.99,26.99,26.99
,93385917,,26.99,26.99,26.99
,93385929,,26.99,26.99,26.99
,93385931,,26.99,26.99,26.99
,93385968,,26.99,26.99,26.99
,93385971,,26.99,26.99,26.99
,93385983,,26.99,26.99,26.99
,93385995,,26.99,26.99,26.99
,93386002,,26.99,26.99,26.99
,93386015,,26.99,26.99,26.99
,93386027,,26.99,26.99,26.99
,93389337,,26.99,26.99,26.99
,93389340,,26.99,26.99,26.99
,93389352,,26.99,26.99,26.99
,93389364,,26.99,26.99,26.99
,93389377,,26.99,26.99,26.99
,93389389,,26.99,26.99,26.99
,93389391,,26.99,26.99,26.99
,93389406,,26.99,26.99,26.99
,93389419,,26.99,26.99,26.99
,93389421,,26.99,26.99,26.99
,93389433,,26.99,26.99,26.99
,93389446,,26.99,26.99,26.99
,93389458,,26.99,26.99,26.99
,93389460,,26.99,26.99,26.99
,93389473,,26.99,26.99,26.99
,93389497,,26.99,26.99,26.99
,93389503,,26.99,26.99,26.99
,93389516,,26.99,26.99,26.99
,93389528,,26.99,26.99,26.99
,93389543,,26.99,26.99,26.99
,93389555,,26.99,26.99,26.99
,93389567,,26.99,26.99,26.99
,93389570,,26.99,26.99,26.99
,93389582,,26.99,26.99,26.99
,93389594,,26.99,26.99,26.99
,93389600,,26.99,26.99,26.99
,93389773,,26.99,26.99,26.99
,93389785,,26.99,26.99,26.99
,93389797,,26.99,26.99,26.99
,93389803,,26.99,26.99,26.99
,93389816,,26.99,26.99,26.99
,93389828,,26.99,26.99,26.99
,93389830,,26.99,26.99,26.99
,93389843,,26.99,26.99,26.99
,93389855,,26.99,26.99,26.99
,93389867,,26.99,26.99,26.99
,93389870,,26.99,26.99,26.99
,93389882,,26.99,26.99,26.99
,93389894,,26.99,26.99,26.99
,93389900,,26.99,26.99,26.99
,93389913,,26.99,26.99,26.99
,93389925,,26.99,26.99,26.99
,93389937,,26.99,26.99,26.99
,93389940,,26.99,26.99,26.99
,93389952,,26.99,26.99,26.99
,93389964,,26.99,26.99,26.99
,93389977,,26.99,26.99,26.99
,93389989,,26.99,26.99,26.99
,93389991,,26.99,26.99,26.99
,93390000,,26.99,26.99,26.99
,93390013,,26.99,26.99,26.99
,93390025,,26.99,26.99,26.99
,93423241,,40,40,40
,93423253,,40,40,40
,93423265,,40,40,40
,93423278,,40,40,40
,93423280,,40,40,40
,93423292,,40,40,40
,93423308,,40,40,40
,93423311,,40,40,40
,93423323,,40,40,40
,93423335,,40,40,40
,93423348,,40,40,40
,93423350,,40,40,40
,93423623,,40,40,40
,93423635,,40,40,40
,93423648,,40,40,40
,93423650,,40,40,40
,93423662,,40,40,40
,93423675,,40,40,40
,93462241,,26.99,26.99,26.99
,93462253,,26.99,26.99,26.99
,93462265,,26.99,26.99,26.99
,93462278,,48,48,48
,93462280,,26.99,26.99,26.99
,93462292,,48,48,48
,93462308,,26.99,26.99,26.99
,93462311,,48,48,48
,93462323,,26.99,26.99,26.99
,93462335,,48,48,48
,93462348,,48,48,48
,93462375,,48,48,48
,93492480,,48,48,48
,93492492,,48,48,48
,93492508,,48,48,48
,93492511,,48,48,48
,93492523,,48,48,48
,93492535,,48,48,48
,93501435,,26.99,26.99,26.99
,93501448,,26.99,26.99,26.99
,93501450,,26.99,26.99,26.99
,93501462,,26.99,26.99,26.99
,93501475,,26.99,26.99,26.99
,93501487,,26.99,26.99,26.99
,93501505,,26.99,26.99,26.99
,93501518,,26.99,26.99,26.99
,93501520,,26.99,26.99,26.99
,93501532,,26.99,26.99,26.99
,93501545,,26.99,26.99,26.99
,93501557,,26.99,26.99,26.99
,93501596,,26.99,26.99,26.99
,93501602,,26.99,26.99,26.99
,93501615,,26.99,26.99,26.99
,93501627,,26.99,26.99,26.99
,93501639,,26.99,26.99,26.99
,93501642,,26.99,26.99,26.99
,93502410,,26.99,26.99,26.99
,93502422,,26.99,26.99,26.99
,93502434,,26.99,26.99,26.99
,93502447,,26.99,26.99,26.99
,93502459,,26.99,26.99,26.99
,93502461,,26.99,26.99,26.99
,93502517,,26.99,26.99,26.99
,93502529,,26.99,26.99,26.99
,93502556,,26.99,26.99,26.99
,93502568,,26.99,26.99,26.99
,93502571,,26.99,26.99,26.99
,93502583,,26.99,26.99,26.99
,93502722,,44,44,44
,93502734,,44,44,44
,93502747,,44,44,44
,93502759,,44,44,44
,93503119,,26.99,26.99,26.99
,93503133,,26.99,26.99,26.99
,93503216,,26.99,26.99,26.99
,93503228,,26.99,26.99,26.99
,93503230,,26.99,26.99,26.99
,93503243,,26.99,26.99,26.99
,93503255,,26.99,26.99,26.99
,93503267,,26.99,26.99,26.99
,93503300,,26.99,26.99,26.99
,93503313,,26.99,26.99,26.99
,93503913,,44,44,44
,93503925,,44,44,44
,93503937,,44,44,44
,93503940,,44,44,44
,93503952,,44,44,44
,93503964,,44,44,44
,93503977,,44,44,44
,93503989,,44,44,44
,93503991,,44,44,44
,93504008,,44,44,44
,93504011,,44,44,44
,93504023,,44,44,44
,93504035,,44,44,44
,93504048,,44,44,44
,93504050,,44,44,44
,93504062,,44,44,44
,93504075,,44,44,44
,93504087,,44,44,44
,93504215,,44,44,44
,93504239,,44,44,44
,93504242,,44,44,44
,93504254,,44,44,44
,93504266,,44,44,44
,93504281,,44,44,44
,93504309,,44,44,44
,93504312,,44,44,44
,93504324,,44,44,44
,93504336,,44,44,44
,93504554,,26.99,26.99,26.99
,93609680,,44,44,44
,93609692,,44,44,44
,93609707,,44,44,44
,93609710,,44,44,44
,93609722,,44,44,44
,93609734,,44,44,44
,93951229,,17.99,17.99,17.99
,93951231,,17.99,17.99,17.99
,93951244,,17.99,17.99,17.99
,93951256,,17.99,17.99,17.99
,93951271,,17.99,17.99,17.99
,93951283,,17.99,17.99,17.99
,93951295,,17.99,17.99,17.99
,93951301,,17.99,17.99,17.99
,93951314,,17.99,17.99,17.99
,93951326,,17.99,17.99,17.99
,93951338,,17.99,17.99,17.99
,93951341,,17.99,17.99,17.99
,93952352,,19.99,19.99,19.99
,93952364,,19.99,19.99,19.99
,93952377,,19.99,19.99,19.99
,93952389,,19.99,19.99,19.99
,93952391,,19.99,19.99,19.99
,93952419,,19.99,19.99,19.99
,93952421,,19.99,19.99,19.99
,93952433,,19.99,19.99,19.99
,93952446,,19.99,19.99,19.99
,93952458,,19.99,19.99,19.99
,93952473,,32,32,32
,93952485,,32,32,32
,93952497,,32,32,32
,93952503,,32,32,32
,93952516,,32,32,32
,94045821,,26.4,26.4,26.4
,94046038,,26.4,26.4,26.4
,94047025,,24.99,24.99,24.99
,94047037,,24.99,24.99,24.99
,94047040,,24.99,24.99,24.99
,94047052,,24.99,24.99,24.99
,94047064,,24.99,24.99,24.99
,94047089,,24.99,24.99,24.99
,94047091,,24.99,24.99,24.99
,94047107,,24.99,24.99,24.99
,94047110,,24.99,24.99,24.99
,94047122,,24.99,24.99,24.99
,94047134,,24.99,24.99,24.99
,94047147,,24.99,24.99,24.99
,94047159,,24.99,24.99,24.99
,94047161,,24.99,24.99,24.99
,94047174,,24.99,24.99,24.99
,94047186,,24.99,24.99,24.99
,94047314,,24.99,24.99,24.99
,94047326,,24.99,24.99,24.99
,94047338,,24.99,24.99,24.99
,94047341,,24.99,24.99,24.99
,94047353,,24.99,24.99,24.99
,94047365,,24.99,24.99,24.99
,94049099,,24.99,24.99,24.99
,94049105,,24.99,24.99,24.99
,94049118,,24.99,24.99,24.99
,94049120,,24.99,24.99,24.99
,94049132,,24.99,24.99,24.99
,94049239,,24.99,24.99,24.99
,94049242,,24.99,24.99,24.99
,94049254,,24.99,24.99,24.99
,94049266,,24.99,24.99,24.99
,94049279,,24.99,24.99,24.99
,94049432,,24.99,24.99,24.99
,94049676,,24.99,24.99,24.99
,94049688,,24.99,24.99,24.99
,94049690,,24.99,24.99,24.99
,94049705,,24.99,24.99,24.99
,94049745,,24.99,24.99,24.99
,94049757,,24.99,24.99,24.99
,94049769,,24.99,24.99,24.99
,94052201,,24.99,24.99,24.99
,94052214,,24.99,24.99,24.99
,94052226,,24.99,24.99,24.99
,94052238,,24.99,24.99,24.99
,94052387,,24.99,24.99,24.99
,94052399,,24.99,24.99,24.99
,94052404,,24.99,24.99,24.99
,94052417,,24.99,24.99,24.99
,94103108,,24.99,24.99,24.99
,94113887,,29.99,29.99,29.99
,94113899,,29.99,29.99,29.99
,94113905,,29.99,29.99,29.99
,94113918,,29.99,29.99,29.99
,94113932,,29.99,29.99,29.99
,94113945,,29.99,29.99,29.99
,94113957,,29.99,29.99,29.99
,94114125,,29.99,29.99,29.99
,94114137,,29.99,29.99,29.99
,94114140,,29.99,29.99,29.99
,94114152,,29.99,29.99,29.99
,94114247,,29.99,29.99,29.99
,94114259,,29.99,29.99,29.99
,94114261,,29.99,29.99,29.99
,94114274,,29.99,29.99,29.99
,94114286,,29.99,29.99,29.99
,94114298,,29.99,29.99,29.99
,94114304,,29.99,29.99,29.99
,94114317,,29.99,29.99,29.99
,94114329,,29.99,29.99,29.99
,94114331,,29.99,29.99,29.99
,94114344,,29.99,29.99,29.99
,94114356,,29.99,29.99,29.99
,94114371,,29.99,29.99,29.99
,94114383,,29.99,29.99,29.99
,94114395,,29.99,29.99,29.99
,94114586,,29.99,29.99,29.99
,94114598,,29.99,29.99,29.99
,94114617,,29.99,29.99,29.99
,94114629,,29.99,29.99,29.99
,94114631,,29.99,29.99,29.99
,94114644,,29.99,29.99,29.99
,94124660,,29.99,29.99,29.99
,94124673,,29.99,29.99,29.99
,94124685,,29.99,29.99,29.99
,94124697,,29.99,29.99,29.99
,94124702,,29.99,29.99,29.99
,94124715,,29.99,29.99,29.99
,94124727,,29.99,29.99,29.99
,94124739,,29.99,29.99,29.99
,94124742,,29.99,29.99,29.99
,94124754,,29.99,29.99,29.99
,94124766,,29.99,29.99,29.99
,94124779,,29.99,29.99,29.99
,94124781,,29.99,29.99,29.99
,94124793,,29.99,29.99,29.99
,94124809,,29.99,29.99,29.99
,94124812,,29.99,29.99,29.99
,94124824,,29.99,29.99,29.99
,94124836,,29.99,29.99,29.99
,94124849,,29.99,29.99,29.99
,94124851,,29.99,29.99,29.99
,94124863,,29.99,29.99,29.99
,94124876,,29.99,29.99,29.99
,94124888,,29.99,29.99,29.99
,94124890,,29.99,29.99,29.99
,94124906,,29.99,29.99,29.99
,94124919,,29.99,29.99,29.99
,94124921,,29.99,29.99,29.99
,94124933,,29.99,29.99,29.99
,94124946,,29.99,29.99,29.99
,94124958,,29.99,29.99,29.99
,94124960,,29.99,29.99,29.99
,94124973,,29.99,29.99,29.99
,94124985,,29.99,29.99,29.99
,94124997,,29.99,29.99,29.99
,94125004,,29.99,29.99,29.99
,94125017,,29.99,29.99,29.99
,94125068,,29.99,29.99,29.99
,94125071,,29.99,29.99,29.99
,94125083,,29.99,29.99,29.99
,94125095,,29.99,29.99,29.99
,94125101,,29.99,29.99,29.99
,94125114,,29.99,29.99,29.99
,94125126,,29.99,29.99,29.99
,94125138,,29.99,29.99,29.99
,94125141,,29.99,29.99,29.99
,94125153,,29.99,29.99,29.99
,94125165,,29.99,29.99,29.99
,94125178,,29.99,29.99,29.99
,94125180,,29.99,29.99,29.99
,94125192,,29.99,29.99,29.99
,94125208,,29.99,29.99,29.99
,94125275,,29.99,29.99,29.99
,94125287,,29.99,29.99,29.99
,94125299,,29.99,29.99,29.99
,94125305,,29.99,29.99,29.99
,94125318,,29.99,29.99,29.99
,94125320,,29.99,29.99,29.99
,94125332,,29.99,29.99,29.99
,94133676,,19.99,19.99,19.99
,94133688,,19.99,19.99,19.99
,94133690,,19.99,19.99,19.99
,94133705,,19.99,19.99,19.99
,94134131,,19.99,19.99,19.99
,94134144,,19.99,19.99,19.99
,94134156,,19.99,19.99,19.99
,94134168,,19.99,19.99,19.99
,94134292,,19.99,19.99,19.99
,94134308,,19.99,19.99,19.99
,94134311,,19.99,19.99,19.99
,94134323,,19.99,19.99,19.99
,94134348,,19.99,19.99,19.99
,94134350,,19.99,19.99,19.99
,94134362,,19.99,19.99,19.99
,94134375,,19.99,19.99,19.99
,94134387,,19.99,19.99,19.99
,94134399,,19.99,19.99,19.99
,94134404,,19.99,19.99,19.99
,94134417,,19.99,19.99,19.99
,94134429,,19.99,19.99,19.99
,94134431,,19.99,19.99,19.99
,94134444,,19.99,19.99,19.99
,94134456,,19.99,19.99,19.99
,94134468,,19.99,19.99,19.99
,94134471,,19.99,19.99,19.99
,94134483,,19.99,19.99,19.99
,94134495,,19.99,19.99,19.99
,94134501,,19.99,19.99,19.99
,94134541,,19.99,19.99,19.99
,94134553,,19.99,19.99,19.99
,94134565,,19.99,19.99,19.99
,94134578,,19.99,19.99,19.99
,94134580,,19.99,19.99,19.99
,94134592,,19.99,19.99,19.99
,94134608,,19.99,19.99,19.99
,94134611,,19.99,19.99,19.99
,94164208,,24.99,24.99,24.99
,94190619,,29.5,29.5,29.5
,94190621,,29.5,29.5,29.5
,94190658,,29.5,29.5,29.5
,94190660,,29.5,29.5,29.5
,94190779,,25,25,25
,94190781,,25,25,25
,94200832,,26.4,26.4,26.4
,94200857,,26.4,26.4,26.4
,94200869,,26.4,26.4,26.4
,94200896,,26.4,26.4,26.4
,94200902,,26.4,26.4,26.4
,94200915,,26.4,26.4,26.4
,94200927,,26.4,26.4,26.4
,94223574,,8,8,8
,94223586,,8,8,8
,94223598,,8,8,8
,94223604,,8,8,8
,94223617,,8,8,8
,94223629,,8,8,8
,94223683,,8,8,8
,94223695,,8,8,8
,94223700,,8,8,8
,94223713,,8,8,8
,94223725,,8,8,8
,94223737,,8,8,8
,94223740,,8,8,8
,94223777,,8,8,8
,94223789,,8,8,8
,94223791,,8,8,8
,94224506,,13,13,13
,94224858,,15,15,15
,94224860,,15,15,15
,94228418,,13,13,13
,94228579,,13,13,13
,94236860,,26,26,26
,94236967,,8,8,8
,94236970,,8,8,8
,94236982,,8,8,8
,94236994,,8,8,8
,94237001,,8,8,8
,94237014,,8,8,8
,94237026,,8,8,8
,94237038,,8,8,8
,94245361,,44.99,44.99,44.99
,94245374,,44.99,44.99,44.99
,94245386,,44.99,44.99,44.99
,94245398,,44.99,44.99,44.99
,94245403,,44.99,44.99,44.99
,94245416,,44.99,44.99,44.99
,94245430,,44.99,44.99,44.99
,94245443,,44.99,44.99,44.99
,94245467,,44.99,44.99,44.99
,94245470,,44.99,44.99,44.99
,94245482,,44.99,44.99,44.99
,94245494,,44.99,44.99,44.99
,94245513,,44.99,44.99,44.99
,94245537,,44.99,44.99,44.99
,94245540,,44.99,44.99,44.99
,94245577,,44.99,44.99,44.99
,94245589,,44.99,44.99,44.99
,94245607,,44.99,44.99,44.99
,94245610,,44.99,44.99,44.99
,94245634,,44.99,44.99,44.99
,94245659,,44.99,44.99,44.99
,94245661,,44.99,44.99,44.99
,94245674,,44.99,44.99,44.99
,94245686,,44.99,44.99,44.99
,94245698,,44.99,44.99,44.99
,94245703,,44.99,44.99,44.99
,94245716,,44.99,44.99,44.99
,94245730,,44.99,44.99,44.99
,94245743,,44.99,44.99,44.99
,94245755,,44.99,44.99,44.99
,94245770,,44.99,44.99,44.99
,94245782,,44.99,44.99,44.99
,94245794,,44.99,44.99,44.99
,94245800,,44.99,44.99,44.99
,94245813,,44.99,44.99,44.99
,94260779,,29.4,29.4,29.4
,94260781,,29.4,29.4,29.4
,94260793,,29.4,29.4,29.4
,94260809,,29.4,29.4,29.4
,94260812,,29.4,29.4,29.4
,94260824,,29.4,29.4,29.4
,94260836,,29.4,29.4,29.4
,94260849,,29.4,29.4,29.4
,94260851,,29.4,29.4,29.4
,94260863,,29.4,29.4,29.4
,94260876,,29.4,29.4,29.4
,94260888,,29.4,29.4,29.4
,94295471,,8,8,8
,94295483,,8,8,8
,94295495,,8,8,8
,94295514,,8,8,8
,94295526,,8,8,8
,94295578,,14.99,14.99,14.99
,94295580,,14.99,14.99,14.99
,94295592,,14.99,14.99,14.99
,94295648,,14.99,14.99,14.99
,94295650,,14.99,14.99,14.99
,94295662,,14.99,14.99,14.99
,94295675,,14.99,14.99,14.99
,94295687,,14.99,14.99,14.99
,94295699,,14.99,14.99,14.99
,94295704,,14.99,14.99,14.99
,94295717,,14.99,14.99,14.99
,94295729,,14.99,14.99,14.99
,94338098,,24.99,24.99,24.99
,94338104,,24.99,24.99,24.99
,94338117,,24.99,24.99,24.99
,94338129,,24.99,24.99,24.99
,94338131,,24.99,24.99,24.99
,94338144,,24.99,24.99,24.99
,94338156,,24.99,24.99,24.99
,94338183,,24.99,24.99,24.99
,94338195,,24.99,24.99,24.99
,94338201,,24.99,24.99,24.99
,94338226,,24.99,24.99,24.99
,94338241,,24.99,24.99,24.99
,94338253,,24.99,24.99,24.99
,94338278,,24.99,24.99,24.99
,94338280,,24.99,24.99,24.99
,94338292,,24.99,24.99,24.99
,94338308,,24.99,24.99,24.99
,94338311,,24.99,24.99,24.99
,94338323,,24.99,24.99,24.99
,94338335,,24.99,24.99,24.99
,94338348,,24.99,24.99,24.99
,94338362,,24.99,24.99,24.99
,94338399,,24.99,24.99,24.99
,94338404,,24.99,24.99,24.99
,94338431,,24.99,24.99,24.99
,94338468,,24.99,24.99,24.99
,94338471,,24.99,24.99,24.99
,94338483,,24.99,24.99,24.99
,94338495,,24.99,24.99,24.99
,94338501,,24.99,24.99,24.99
,94338514,,24.99,24.99,24.99
,94338541,,24.99,24.99,24.99
,94338553,,24.99,24.99,24.99
,94338565,,24.99,24.99,24.99
,94338578,,24.99,24.99,24.99
,94338580,,24.99,24.99,24.99
,94338592,,24.99,24.99,24.99
,94338611,,24.99,24.99,24.99
,94338623,,24.99,24.99,24.99
,94338635,,24.99,24.99,24.99
,94338648,,24.99,24.99,24.99
,94338650,,24.99,24.99,24.99
,94338662,,24.99,24.99,24.99
,94338795,,24.99,24.99,24.99
,94338814,,24.99,24.99,24.99
,94338826,,24.99,24.99,24.99
,94338838,,24.99,24.99,24.99
,94338841,,24.99,24.99,24.99
,94338853,,24.99,24.99,24.99
,94338865,,24.99,24.99,24.99
,94338878,,24.99,24.99,24.99
,94338880,,24.99,24.99,24.99
,94338892,,24.99,24.99,24.99
,94338908,,24.99,24.99,24.99
,94338911,,24.99,24.99,24.99
,94338923,,24.99,24.99,24.99
,94339540,,24.99,24.99,24.99
,94339552,,24.99,24.99,24.99
,94339564,,24.99,24.99,24.99
,94339577,,24.99,24.99,24.99
,94339589,,24.99,24.99,24.99
,94339591,,24.99,24.99,24.99
,94339607,,24.99,24.99,24.99
,94339610,,24.99,24.99,24.99
,94339622,,24.99,24.99,24.99
,94339634,,24.99,24.99,24.99
,94339647,,24.99,24.99,24.99
,94339659,,24.99,24.99,24.99
,94339661,,24.99,24.99,24.99
,94339674,,24.99,24.99,24.99
,94339877,,24.99,24.99,24.99
,94339889,,24.99,24.99,24.99
,94339891,,24.99,24.99,24.99
,94339907,,24.99,24.99,24.99
,94339910,,24.99,24.99,24.99
,94339922,,24.99,24.99,24.99
,94339934,,24.99,24.99,24.99
,94339959,,24.99,24.99,24.99
,94339961,,24.99,24.99,24.99
,94339974,,24.99,24.99,24.99
,94339986,,24.99,24.99,24.99
,94339998,,24.99,24.99,24.99
,94340008,,24.99,24.99,24.99
,94340011,,24.99,24.99,24.99
,94340035,,24.99,24.99,24.99
,94340048,,24.99,24.99,24.99
,94340050,,24.99,24.99,24.99
,94340062,,24.99,24.99,24.99
,94340075,,24.99,24.99,24.99
,94340087,,24.99,24.99,24.99
,94340099,,24.99,24.99,24.99
,94340120,,24.99,24.99,24.99
,94340132,,24.99,24.99,24.99
,94340145,,24.99,24.99,24.99
,94340157,,24.99,24.99,24.99
,94340169,,24.99,24.99,24.99
,94340172,,24.99,24.99,24.99
,94340184,,24.99,24.99,24.99
,94340196,,24.99,24.99,24.99
,94340202,,24.99,24.99,24.99
,94340215,,24.99,24.99,24.99
,94340227,,24.99,24.99,24.99
,94340239,,24.99,24.99,24.99
,94340242,,24.99,24.99,24.99
,94340254,,24.99,24.99,24.99
,94372737,,25.2,25.2,25.2
,94372740,,25.2,25.2,25.2
,94372791,,13,13,13
,94373054,,13,13,13
,94373066,,13,13,13
,94373079,,13,13,13
,94373109,,13,13,13
,94373124,,13,13,13
,94373149,,13,13,13
,94373163,,13,13,13
,94373188,,13,13,13
,94394224,,24.99,24.99,24.99
,94394236,,24.99,24.99,24.99
,94394249,,24.99,24.99,24.99
,94394251,,24.99,24.99,24.99
,94394263,,24.99,24.99,24.99
,94394276,,24.99,24.99,24.99
,94394288,,24.99,24.99,24.99
,94394290,,24.99,24.99,24.99
,94394306,,24.99,24.99,24.99
,94394319,,24.99,24.99,24.99
,94394321,,24.99,24.99,24.99
,94394333,,24.99,24.99,24.99
,94394346,,24.99,24.99,24.99
,94394360,,24.99,24.99,24.99
,94394373,,24.99,24.99,24.99
,94394385,,24.99,24.99,24.99
,94394402,,24.99,24.99,24.99
,94394415,,24.99,24.99,24.99
,94394427,,24.99,24.99,24.99
,94394439,,24.99,24.99,24.99
,94394442,,24.99,24.99,24.99
,94394454,,24.99,24.99,24.99
,94394621,,24.99,24.99,24.99
,94394633,,24.99,24.99,24.99
,94394646,,24.99,24.99,24.99
,94394658,,24.99,24.99,24.99
,94394660,,24.99,24.99,24.99
,94394673,,24.99,24.99,24.99
,94394697,,24.99,24.99,24.99
,94394702,,24.99,24.99,24.99
,94394715,,24.99,24.99,24.99
,94394727,,24.99,24.99,24.99
,94394739,,24.99,24.99,24.99
,94394742,,24.99,24.99,24.99
,94394754,,24.99,24.99,24.99
,94394766,,24.99,24.99,24.99
,94394779,,24.99,24.99,24.99
,94394781,,24.99,24.99,24.99
,94394793,,24.99,24.99,24.99
,94394812,,24.99,24.99,24.99
,94394824,,24.99,24.99,24.99
,94394836,,24.99,24.99,24.99
,94394849,,24.99,24.99,24.99
,94394851,,24.99,24.99,24.99
,94394863,,24.99,24.99,24.99
,94394876,,24.99,24.99,24.99
,94394888,,24.99,24.99,24.99
,94394890,,24.99,24.99,24.99
,94394906,,24.99,24.99,24.99
,94394919,,24.99,24.99,24.99
,94420991,,6.99,6.99,6.99
,94421008,,6.99,6.99,6.99
,94421011,,6.99,6.99,6.99
,94421048,,6.99,6.99,6.99
,94421050,,6.99,6.99,6.99
,94421062,,6.99,6.99,6.99
,94421087,,6.99,6.99,6.99
,94421099,,6.99,6.99,6.99
,94421105,,6.99,6.99,6.99
,94426559,,24.99,24.99,24.99
,94426561,,24.99,24.99,24.99
,94426574,,24.99,24.99,24.99
,94426586,,24.99,24.99,24.99
,94426598,,24.99,24.99,24.99
,94426604,,24.99,24.99,24.99
,94426617,,24.99,24.99,24.99
,94426629,,24.99,24.99,24.99
,94426631,,24.99,24.99,24.99
,94426656,,24.99,24.99,24.99
,94426671,,24.99,24.99,24.99
,94426683,,24.99,24.99,24.99
,94426695,,24.99,24.99,24.99
,94426700,,24.99,24.99,24.99
,94426725,,24.99,24.99,24.99
,94426791,,24.99,24.99,24.99
,94426807,,24.99,24.99,24.99
,94426810,,24.99,24.99,24.99
,94426822,,24.99,24.99,24.99
,94426917,,24.99,24.99,24.99
,94426929,,24.99,24.99,24.99
,94426931,,24.99,24.99,24.99
,94426944,,24.99,24.99,24.99
,94426956,,24.99,24.99,24.99
,94426968,,24.99,24.99,24.99
,94426971,,24.99,24.99,24.99
,94426983,,24.99,24.99,24.99
,94426995,,24.99,24.99,24.99
,94427002,,24.99,24.99,24.99
,94427015,,24.99,24.99,24.99
,94427027,,24.99,24.99,24.99
,94468134,,14.99,14.99,14.99
,94468147,,14.99,14.99,14.99
,94468159,,14.99,14.99,14.99
,94468161,,14.99,14.99,14.99
,94468217,,14.99,14.99,14.99
,94468229,,14.99,14.99,14.99
,94468231,,14.99,14.99,14.99
,94468244,,14.99,14.99,14.99
,94468256,,14.99,14.99,14.99
,94468268,,14.99,14.99,14.99
,94468271,,14.99,14.99,14.99
,94468283,,14.99,14.99,14.99
,94468295,,14.99,14.99,14.99
,94468301,,14.99,14.99,14.99
,94468314,,14.99,14.99,14.99
,94468326,,14.99,14.99,14.99
,94475947,,33,33,33
,94475959,,33,33,33
,94475961,,33,33,33
,94475998,,33,33,33
,94476005,,33,33,33
,94476018,,33,33,33
,94476020,,33,33,33
,94476032,,33,33,33
,94476045,,33,33,33
,94476057,,33,33,33
,94476072,,33,33,33
,94476084,,33,33,33
,94476096,,33,33,33
,94476115,,33,33,33
,94476127,,33,33,33
,94476139,,33,33,33
,94476142,,33,33,33
,94476154,,33,33,33
,94476166,,33,33,33
,94476179,,33,33,33
,94476360,,33,33,33
,94476373,,33,33,33
,94476385,,33,33,33
,94476402,,33,33,33
,94476415,,33,33,33
,94476427,,33,33,33
,94476442,,33,33,33
,94476454,,33,33,33
,94476466,,33,33,33
,94476479,,33,33,33
,94476481,,33,33,33
,94476493,,33,33,33
,94476509,,33,33,33
,94476512,,33,33,33
,94476524,,33,33,33
,94476536,,33,33,33
,94476549,,33,33,33
,94476551,,33,33,33
,94491178,,6.99,6.99,6.99
,94491208,,6.99,6.99,6.99
,94491223,,6.99,6.99,6.99
,94491235,,6.99,6.99,6.99
,94491248,,6.99,6.99,6.99
,94491250,,6.99,6.99,6.99
,94491262,,6.99,6.99,6.99
,94491275,,6.99,6.99,6.99
,94492737,,6.99,6.99,6.99
,94492740,,6.99,6.99,6.99
,94492752,,6.99,6.99,6.99
,94492764,,6.99,6.99,6.99
,94492777,,6.99,6.99,6.99
,94492789,,6.99,6.99,6.99
,94492886,,6.99,6.99,6.99
,94492898,,6.99,6.99,6.99
,94492904,,6.99,6.99,6.99
,94492917,,6.99,6.99,6.99
,94492929,,6.99,6.99,6.99
,94492931,,6.99,6.99,6.99
,94508617,,6.99,6.99,6.99
,94508629,,6.99,6.99,6.99
,94508631,,6.99,6.99,6.99
,94508644,,6.99,6.99,6.99
,94508656,,6.99,6.99,6.99
,94508668,,6.99,6.99,6.99
,94508683,,6.99,6.99,6.99
,94508713,,6.99,6.99,6.99
,94508725,,6.99,6.99,6.99
,94573321,,6.99,6.99,6.99
,94573333,,6.99,6.99,6.99
,94573346,,6.99,6.99,6.99
,94573358,,6.99,6.99,6.99
,94573360,,6.99,6.99,6.99
,94573373,,6.99,6.99,6.99
,94573385,,6.99,6.99,6.99
,94573397,,6.99,6.99,6.99
,94573402,,6.99,6.99,6.99
,94573415,,6.99,6.99,6.99
,94573427,,6.99,6.99,6.99
,94573439,,6.99,6.99,6.99
,94573536,,6.99,6.99,6.99
,94573549,,6.99,6.99,6.99
,94573551,,6.99,6.99,6.99
,94573563,,6.99,6.99,6.99
,94573576,,6.99,6.99,6.99
,94573588,,6.99,6.99,6.99
,94573590,,6.99,6.99,6.99
,94573606,,6.99,6.99,6.99
,94573619,,6.99,6.99,6.99
,94577787,,24,24,24
,94578000,,24,24,24
,94578040,,24,24,24
,94578980,,24,24,24
,94578992,,24,24,24
,94579009,,24,24,24
,94579012,,24,24,24
,94579088,,24,24,24
,94579090,,24,24,24
,94579106,,24,24,24
,94579119,,24,24,24
,94579121,,24,24,24
,94608268,,24,24,24
,94608283,,24,24,24
,94668696,,34.65,34.65,34.65
,94668701,,34.65,34.65,34.65
,94668714,,34.65,34.65,34.65
,94668726,,34.65,34.65,34.65
,94668738,,34.65,34.65,34.65
,94668823,,34.65,34.65,34.65
,94668835,,34.65,34.65,34.65
,94668848,,34.65,34.65,34.65
,94668850,,34.65,34.65,34.65
,94668984,,48.65,48.65,48.65
,94668996,,48.65,48.65,48.65
,94669003,,48.65,48.65,48.65
,94669016,,48.65,48.65,48.65
,94669028,,48.65,48.65,48.65
,94669030,,48.65,48.65,48.65
,94669082,,48.65,48.65,48.65
,94669094,,48.65,48.65,48.65
,94669100,,48.65,48.65,48.65
,94669113,,48.65,48.65,48.65
,94669125,,48.65,48.65,48.65
,94685616,,33.6,33.6,33.6
,94685628,,33.6,33.6,33.6
,94685630,,33.6,33.6,33.6
,94685643,,33.6,33.6,33.6
,94685667,,33.6,33.6,33.6
,94685670,,33.6,33.6,33.6
,94685682,,33.6,33.6,33.6
,94685788,,37.8,37.8,37.8
,94685790,,37.8,37.8,37.8
,94685806,,37.8,37.8,37.8
,94685819,,37.8,37.8,37.8
,94685821,,37.8,37.8,37.8
,94685833,,37.8,37.8,37.8
,94685846,,37.8,37.8,37.8
,94685858,,37.8,37.8,37.8
,94685860,,37.8,37.8,37.8
,94685873,,37.8,37.8,37.8
,94685885,,37.8,37.8,37.8
,94685897,,37.8,37.8,37.8
,94685903,,37.8,37.8,37.8
,94685916,,37.8,37.8,37.8
,94685928,,37.8,37.8,37.8
,94685930,,37.8,37.8,37.8
,94685943,,37.8,37.8,37.8
,94685955,,37.8,37.8,37.8
,94685967,,37.8,37.8,37.8
,94685970,,37.8,37.8,37.8
,94686111,,37.8,37.8,37.8
,94686123,,37.8,37.8,37.8
,94686135,,37.8,37.8,37.8
,94686148,,37.8,37.8,37.8
,94849002,,29.99,29.99,29.99
,94849015,,29.99,29.99,29.99
,94849027,,29.99,29.99,29.99
,94884143,,34.5,34.5,34.5
,94884155,,34.5,34.5,34.5
,94884813,,24.5,24.5,24.5
,94884825,,24.5,24.5,24.5
,94897236,,29.5,29.5,29.5
,94897249,,29.5,29.5,29.5
,94897251,,29.5,29.5,29.5
,94898208,,39.5,39.5,39.5
,94898211,,39.5,39.5,39.5
,94898223,,39.5,39.5,39.5
,94906930,,39.5,39.5,39.5
,94906943,,39.5,39.5,39.5
,94906955,,39.5,39.5,39.5
,94906967,,39.5,39.5,39.5
,94907041,,34,34,34
,94907053,,34,34,34
,94907065,,34,34,34
,94907078,,34,34,34
,94907080,,38,38,38
,94907092,,38,38,38
,94907108,,38,38,38
,94907111,,38,38,38
,94907315,,29.5,29.5,29.5
,94907327,,29.5,29.5,29.5
,94907339,,29.5,29.5,29.5
,94907342,,29.5,29.5,29.5
,94907545,,38,38,38
,94907557,,38,38,38
,94907681,,36,36,36
,94907693,,36,36,36
,94907735,,32,32,32
,94907748,,32,32,32
,94907884,,36,36,36
,94907896,,36,36,36
,94907954,,34,34,34
,94907966,,34,34,34
,94908013,,26,26,26
,94908025,,26,26,26
,94909009,,24,24,24
,94909255,,34,34,34
,94909267,,34,34,34
,94911025,,34.99,34.99,34.99
,94911037,,34.99,34.99,34.99
,94911040,,34.99,34.99,34.99
,94911052,,34.99,34.99,34.99
,94911064,,34.99,34.99,34.99
,94911271,,39.99,39.99,39.99
,94911283,,39.99,39.99,39.99
,94911295,,39.99,39.99,39.99
,94911301,,39.99,39.99,39.99
,94911722,,39.99,39.99,39.99
,94911734,,39.99,39.99,39.99
,94911747,,39.99,39.99,39.99
,94911759,,39.99,39.99,39.99
,94911761,,39.99,39.99,39.99
,94911774,,39.99,39.99,39.99
,94911831,,39.99,39.99,39.99
,94911895,,39.99,39.99,39.99
,94926923,,39.5,39.5,39.5
,94926935,,39.5,39.5,39.5
,94926948,,39.5,39.5,39.5
,94926950,,39.5,39.5,39.5
,94928115,,24.5,24.5,24.5
,94928127,,24.5,24.5,24.5
,94947505,,6.99,6.99,6.99
,94947518,,6.99,6.99,6.99
,94947520,,6.99,6.99,6.99
,94947639,,6.99,6.99,6.99
,94947642,,6.99,6.99,6.99
,94947654,,6.99,6.99,6.99
,94956738,,29.5,29.5,29.5
,94956741,,29.5,29.5,29.5
,94956780,,29.5,29.5,29.5
,94956792,,29.5,29.5,29.5
,94956808,,29.5,29.5,29.5
,94956835,,32,32,32
,94956848,,32,32,32
,94956862,,32,32,32
,94956875,,32,32,32
,94956887,,32,32,32
,94956899,,32,32,32
,94956945,,39.5,39.5,39.5
,94956957,,39.5,39.5,39.5
,94957740,,35,35,35
,94957752,,35,35,35
,94957764,,35,35,35
,94957777,,35,35,35
,94957810,,39.5,39.5,39.5
,94957822,,39.5,39.5,39.5
,94958833,,29.5,29.5,29.5
,94958846,,29.5,29.5,29.5
,94958858,,29.5,29.5,29.5
,94958860,,29.5,29.5,29.5
,94978308,,21.99,21.99,21.99
,94978311,,21.99,21.99,21.99
,94978323,,21.99,21.99,21.99
,94978335,,21.99,21.99,21.99
,94978348,,21.99,21.99,21.99
,94978350,,21.99,21.99,21.99
,94978362,,21.99,21.99,21.99
,94978375,,21.99,21.99,21.99
,94978387,,21.99,21.99,21.99
,94978399,,21.99,21.99,21.99
,94978404,,21.99,21.99,21.99
,94978417,,21.99,21.99,21.99
,94978429,,21.99,21.99,21.99
,94978431,,21.99,21.99,21.99
,94978526,,21.99,21.99,21.99
,95004897,,48.75,48.75,48.75
,95004903,,48.75,48.75,48.75
,95004967,,48.75,48.75,48.75
,95004970,,48.75,48.75,48.75
,95005001,,48.75,48.75,48.75
,95005014,,48.75,48.75,48.75
,95005080,,48.75,48.75,48.75
,95005092,,48.75,48.75,48.75
,95005232,,48.75,48.75,48.75
,95005257,,48.75,48.75,48.75
,95005284,,48.75,48.75,48.75
,95005545,,48.75,48.75,48.75
,95005596,,48.75,48.75,48.75
,95005602,,48.75,48.75,48.75
,95005693,,48.75,48.75,48.75
,95005708,,48.75,48.75,48.75
,95067574,,14.99,14.99,14.99
,95067586,,14.99,14.99,14.99
,95067598,,14.99,14.99,14.99
,95067644,,14.99,14.99,14.99
,95067656,,14.99,14.99,14.99
,95067668,,14.99,14.99,14.99
,95067671,,14.99,14.99,14.99
,95067683,,14.99,14.99,14.99
,95067752,,14.99,14.99,14.99
,95067764,,14.99,14.99,14.99
,95067777,,14.99,14.99,14.99
,95067789,,14.99,14.99,14.99
,95067791,,14.99,14.99,14.99
,95067807,,14.99,14.99,14.99
,95072065,,28.9,28.9,28.9
,95072078,,28.9,28.9,28.9
,95072080,,28.9,28.9,28.9
,95131158,,21.99,21.99,21.99
,95131160,,21.99,21.99,21.99
,95131173,,21.99,21.99,21.99
,95131216,,21.99,21.99,21.99
,95131228,,21.99,21.99,21.99
,95131230,,21.99,21.99,21.99
,95153136,,45,45,45
,95153149,,45,45,45
,95153151,,45,45,45
,95153163,,45,45,45
,95153176,,45,45,45
,95153188,,45,45,45
,95153190,,45,45,45
,95153206,,45,45,45
,95187660,,30.8,30.8,30.8
,95187685,,30.8,30.8,30.8
,95187702,,30.8,30.8,30.8
,95187779,,30.8,30.8,30.8
,95190875,,34.99,34.99,34.99
,95190887,,34.99,34.99,34.99
,95190899,,34.99,34.99,34.99
,95190905,,34.99,34.99,34.99
,95191152,,34.99,34.99,34.99
,95191164,,34.99,34.99,34.99
,95191177,,34.99,34.99,34.99
,95191189,,34.99,34.99,34.99
,95191191,,34.99,34.99,34.99
,95191207,,34.99,34.99,34.99
,95191210,,34.99,34.99,34.99
,95191222,,34.99,34.99,34.99
,95191440,,34.99,34.99,34.99
,95191452,,34.99,34.99,34.99
,95191464,,34.99,34.99,34.99
,95191477,,34.99,34.99,34.99
,95191507,,34.99,34.99,34.99
,95191522,,34.99,34.99,34.99
,95191534,,34.99,34.99,34.99
,95191547,,34.99,34.99,34.99
,95191671,,34.99,34.99,34.99
,95191683,,34.99,34.99,34.99
,95191695,,34.99,34.99,34.99
,95191700,,34.99,34.99,34.99
,95191791,,34.99,34.99,34.99
,95191807,,34.99,34.99,34.99
,95191810,,34.99,34.99,34.99
,95191822,,34.99,34.99,34.99
,95191874,,34.99,34.99,34.99
,95191886,,34.99,34.99,34.99
,95191898,,34.99,34.99,34.99
,95191904,,34.99,34.99,34.99
,95191917,,34.99,34.99,34.99
,95191929,,34.99,34.99,34.99
,95191931,,34.99,34.99,34.99
,95191944,,34.99,34.99,34.99
,95192112,,34.99,34.99,34.99
,95192124,,34.99,34.99,34.99
,95192136,,34.99,34.99,34.99
,95192149,,34.99,34.99,34.99
,95192219,,34.99,34.99,34.99
,95192221,,34.99,34.99,34.99
,95192233,,34.99,34.99,34.99
,95192246,,34.99,34.99,34.99
,95225856,,24.99,24.99,24.99
,95225868,,24.99,24.99,24.99
,95264064,,24.99,24.99,24.99
,95264077,,24.99,24.99,24.99
,95264089,,24.99,24.99,24.99
,95264091,,24.99,24.99,24.99
,95264107,,24.99,24.99,24.99
,95264110,,24.99,24.99,24.99
,95264204,,24.99,24.99,24.99
,95264217,,24.99,24.99,24.99
,95264229,,24.99,24.99,24.99
,95264231,,24.99,24.99,24.99
,95264244,,24.99,24.99,24.99
,95264256,,24.99,24.99,24.99
,95280063,,32.3,32.3,32.3
,95280076,,32.3,32.3,32.3
,95280088,,32.3,32.3,32.3
,95280090,,32.3,32.3,32.3
,95280106,,32.3,32.3,32.3
,95280119,,32.3,32.3,32.3
,95280300,,32.3,32.3,32.3
,95280313,,32.3,32.3,32.3
,95280325,,32.3,32.3,32.3
,95280337,,32.3,32.3,32.3
,95280340,,32.3,32.3,32.3
,95280937,,32.3,32.3,32.3
,95280940,,32.3,32.3,32.3
,95280952,,32.3,32.3,32.3
,95280964,,32.3,32.3,32.3
,95325323,,29.99,29.99,29.99
,95325335,,29.99,29.99,29.99
,95325348,,29.99,29.99,29.99
,95325387,,29.99,29.99,29.99
,95325399,,29.99,29.99,29.99
,95325404,,29.99,29.99,29.99
,95325495,,29.99,29.99,29.99
,95325501,,29.99,29.99,29.99
,95325514,,29.99,29.99,29.99
,95325541,,29.99,29.99,29.99
,95325553,,29.99,29.99,29.99
,95325592,,29.99,29.99,29.99
,95325608,,29.99,29.99,29.99
,95325611,,29.99,29.99,29.99
,95325648,,29.99,29.99,29.99
,95325650,,29.99,29.99,29.99
,95325662,,29.99,29.99,29.99
,95325699,,29.99,29.99,29.99
,95325704,,29.99,29.99,29.99
,95325717,,29.99,29.99,29.99
,95325756,,29.99,29.99,29.99
,95325768,,29.99,29.99,29.99
,95325771,,29.99,29.99,29.99
,95325801,,29.99,29.99,29.99
,95325814,,29.99,29.99,29.99
,95325826,,29.99,29.99,29.99
,95325853,,29.99,29.99,29.99
,95325865,,29.99,29.99,29.99
,95325878,,29.99,29.99,29.99
,95329331,,22.5,22.5,22.5
,95329383,,22.5,22.5,22.5
,95329395,,22.5,22.5,22.5
,95352311,,24.99,24.99,24.99
,95352323,,24.99,24.99,24.99
,95352335,,24.99,24.99,24.99
,95352362,,24.99,24.99,24.99
,95352375,,24.99,24.99,24.99
,95352387,,24.99,24.99,24.99
,95352417,,24.99,24.99,24.99
,95352429,,24.99,24.99,24.99
,95352431,,24.99,24.99,24.99
,95352468,,24.99,24.99,24.99
,95352471,,24.99,24.99,24.99
,95352483,,24.99,24.99,24.99
,95352565,,24.99,24.99,24.99
,95352578,,24.99,24.99,24.99
,95352611,,24.99,24.99,24.99
,95352623,,24.99,24.99,24.99
,95357873,,32.5,32.5,32.5
,95358123,,22.5,22.5,22.5
,95358135,,22.5,22.5,22.5
,95358148,,22.5,22.5,22.5
,95362185,,24.5,24.5,24.5
,95362197,,24.5,24.5,24.5
,95362203,,24.5,24.5,24.5
,95362216,,24.5,24.5,24.5
,95362255,,24.5,24.5,24.5
,95362267,,24.5,24.5,24.5
,95362270,,24.5,24.5,24.5
,95362882,,29.5,29.5,29.5
,95362894,,29.5,29.5,29.5
,95362900,,29.5,29.5,29.5
,95362913,,29.5,29.5,29.5
,95368931,,44.99,44.99,44.99
,95368944,,44.99,44.99,44.99
,95368956,,44.99,44.99,44.99
,95368968,,44.99,44.99,44.99
,95369219,,44.99,44.99,44.99
,95369221,,44.99,44.99,44.99
,95369233,,44.99,44.99,44.99
,95369246,,44.99,44.99,44.99
,95369258,,44.99,44.99,44.99
,95369382,,65,65,65
,95369394,,65,65,65
,95369409,,65,65,65
,95369412,,65,65,65
,95369449,,65,65,65
,95369451,,65,65,65
,95369533,,65,65,65
,95369546,,65,65,65
,95369558,,65,65,65
,95369655,,59.99,59.99,59.99
,95369667,,59.99,59.99,59.99
,95369724,,59.99,59.99,59.99
,95376184,,27.6,27.6,27.6
,95376196,,27.6,27.6,27.6
,95376202,,27.6,27.6,27.6
,95376215,,27.6,27.6,27.6
,95376363,,27.6,27.6,27.6
,95376376,,27.6,27.6,27.6
,95376388,,27.6,27.6,27.6
,95376390,,27.6,27.6,27.6
,95376405,,27.6,27.6,27.6
,95376418,,27.6,27.6,27.6
,95376420,,27.6,27.6,27.6
,95376432,,27.6,27.6,27.6
,95376949,,27.6,27.6,27.6
,95376951,,27.6,27.6,27.6
,95376963,,27.6,27.6,27.6
,95376976,,27.6,27.6,27.6
,95376988,,27.6,27.6,27.6
,95376990,,27.6,27.6,27.6
,95377007,,27.6,27.6,27.6
,95377010,,27.6,27.6,27.6
,95393851,,6.99,6.99,6.99
,95393863,,6.99,6.99,6.99
,95393876,,6.99,6.99,6.99
,95393888,,6.99,6.99,6.99
,95393890,,6.99,6.99,6.99
,95393906,,6.99,6.99,6.99
,95396928,,36.75,36.75,36.75
,95396930,,36.75,36.75,36.75
,95396943,,36.75,36.75,36.75
,95396970,,36.75,36.75,36.75
,95396982,,36.75,36.75,36.75
,95396994,,36.75,36.75,36.75
,95397026,,36.75,36.75,36.75
,95397038,,36.75,36.75,36.75
,95397041,,36.75,36.75,36.75
,95397078,,36.75,36.75,36.75
,95397080,,36.75,36.75,36.75
,95397092,,36.75,36.75,36.75
,95397339,,36.75,36.75,36.75
,95397342,,36.75,36.75,36.75
,95397354,,36.75,36.75,36.75
,95397381,,36.75,36.75,36.75
,95397393,,36.75,36.75,36.75
,95397408,,36.75,36.75,36.75
,95397450,,36.75,36.75,36.75
,95397462,,36.75,36.75,36.75
,95397475,,36.75,36.75,36.75
,95397518,,36.75,36.75,36.75
,95397520,,36.75,36.75,36.75
,95397532,,36.75,36.75,36.75
,95478436,,30.8,30.8,30.8
,95478449,,30.8,30.8,30.8
,95478451,,30.8,30.8,30.8
,95478546,,34.3,34.3,34.3
,95478558,,34.3,34.3,34.3
,95478560,,34.3,34.3,34.3
,95491561,,25.2,25.2,25.2
,95491574,,25.2,25.2,25.2
,95491586,,25.2,25.2,25.2
,95491598,,25.2,25.2,25.2
,95491604,,25.2,25.2,25.2
,95491617,,25.2,25.2,25.2
,95503948,,50,50,50
,95503950,,50,50,50
,95503962,,50,50,50
,95531073,,27.6,27.6,27.6
,95531085,,27.6,27.6,27.6
,95531097,,27.6,27.6,27.6
,95531103,,27.6,27.6,27.6
,95531116,,27.6,27.6,27.6
,95531128,,27.6,27.6,27.6
,95547371,,29.99,29.99,29.99
,95547383,,24.99,24.99,24.99
,95547437,,29.99,29.99,29.99
,95547440,,29.99,29.99,29.99
,95547507,,29.99,29.99,29.99
,95547510,,29.99,29.99,29.99
,95559400,,38,38,38
,95559413,,38,38,38
,95584346,,36,36,36
,95584360,,36,36,36
,95584373,,36,36,36
,95584402,,36,36,36
,95584415,,36,36,36
,95584427,,21.6,21.6,21.6
,95584439,,36,36,36
,95584466,,36,36,36
,95584479,,36,36,36
,95584481,,36,36,36
,95584493,,36,36,36
,95591231,,38,38,38
,95591244,,38,38,38
,95591256,,38,38,38
,95591268,,38,38,38
,95591295,,34,34,34
,95591301,,34,34,34
,95591314,,34,34,34
,95591326,,34,34,34
,95591410,,38,38,38
,95591422,,38,38,38
,95591434,,38,38,38
,95591447,,38,38,38
,95591459,,36,36,36
,95591461,,36,36,36
,95591474,,36,36,36
,95591486,,36,36,36
,95591531,,24,24,24
,95591544,,24,24,24
,95591556,,24,24,24
,95591568,,24,24,24
,95596888,,42.07,42.07,42.07
,95596890,,42.07,42.07,42.07
,95596906,,42.07,42.07,42.07
,95596919,,42.07,42.07,42.07
,95596921,,42.07,42.07,42.07
,95596997,,42.07,42.07,42.07
,95597004,,42.07,42.07,42.07
,95597017,,42.07,42.07,42.07
,95597029,,42.07,42.07,42.07
,95597031,,42.07,42.07,42.07
,95597101,,42.07,42.07,42.07
,95597114,,42.07,42.07,42.07
,95597126,,42.07,42.07,42.07
,95597138,,42.07,42.07,42.07
,95597141,,42.07,42.07,42.07
,95597153,,42.07,42.07,42.07
,95597741,,21.99,21.99,21.99
,95597753,,21.99,21.99,21.99
,95597765,,21.99,21.99,21.99
,95597778,,21.99,21.99,21.99
,95597780,,21.99,21.99,21.99
,95597792,,21.99,21.99,21.99
,95597823,,21.99,21.99,21.99
,95597835,,21.99,21.99,21.99
,95597848,,21.99,21.99,21.99
,95597850,,21.99,21.99,21.99
,95597862,,21.99,21.99,21.99
,95597875,,21.99,21.99,21.99
,95606596,,21.99,21.99,21.99
,95606602,,21.99,21.99,21.99
,95606615,,21.99,21.99,21.99
,95606627,,21.99,21.99,21.99
,95606639,,21.99,21.99,21.99
,95606642,,21.99,21.99,21.99
,95606711,,21.99,21.99,21.99
,95606723,,21.99,21.99,21.99
,95606748,,21.99,21.99,21.99
,95606750,,21.99,21.99,21.99
,95606762,,21.99,21.99,21.99
,95606775,,21.99,21.99,21.99
,95606787,,21.99,21.99,21.99
,95606799,,21.99,21.99,21.99
,95606805,,21.99,21.99,21.99
,95606818,,21.99,21.99,21.99
,95606820,,21.99,21.99,21.99
,95636705,,25.2,25.2,25.2
,95636718,,42,42,42
,95636720,,42,42,42
,95636732,,42,42,42
,95636745,,42,42,42
,95636881,,42,42,42
,95636893,,42,42,42
,95636909,,25.2,25.2,25.2
,95636912,,25.2,25.2,25.2
,95636924,,42,42,42
,95636963,,25.2,25.2,25.2
,95636976,,25.2,25.2,25.2
,95636988,,25.2,25.2,25.2
,95636990,,25.2,25.2,25.2
,95637007,,25.2,25.2,25.2
,95641194,,6.99,6.99,6.99
,95641200,,6.99,6.99,6.99
,95641213,,6.99,6.99,6.99
,95666415,,24.99,24.99,24.99
,95666427,,26.99,26.99,26.99
,95666439,,24.99,24.99,24.99
,95666442,,24.99,24.99,24.99
,95666454,,26.99,26.99,26.99
,95666479,,24.99,24.99,24.99
,95666481,,26.99,26.99,26.99
,95666493,,24.99,24.99,24.99
,95666509,,24.99,24.99,24.99
,95666512,,24.99,24.99,24.99
,95666524,,24.99,24.99,24.99
,95666536,,26.99,26.99,26.99
,95666549,,24.99,24.99,24.99
,95666551,,24.99,24.99,24.99
,95666563,,24.99,24.99,24.99
,95666576,,26.99,26.99,26.99
,95666588,,24.99,24.99,24.99
,95668968,,42,42,42
,95668971,,42,42,42
,95668983,,42,42,42
,95668995,,25.2,25.2,25.2
,95669002,,25.2,25.2,25.2
,95675024,,24.99,24.99,24.99
,95675036,,26.99,26.99,26.99
,95675049,,24.99,24.99,24.99
,95675051,,24.99,24.99,24.99
,95675063,,26.99,26.99,26.99
,95675076,,24.99,24.99,24.99
,95681836,,26.99,26.99,26.99
,95681849,,24.99,24.99,24.99
,95681851,,26.99,26.99,26.99
,95681863,,24.99,24.99,24.99
,95681876,,24.99,24.99,24.99
,95681888,,24.99,24.99,24.99
,95689265,,16.8,16.8,16.8
,95689278,,16.8,16.8,16.8
,95689514,,16.8,16.8,16.8
,95689526,,16.8,16.8,16.8
,95689538,,16.8,16.8,16.8
,95689841,,16.8,16.8,16.8
,95689853,,16.8,16.8,16.8
,95694714,,16.99,16.99,16.99
,95694726,,16.99,16.99,16.99
,95694738,,16.99,16.99,16.99
,95694741,,16.99,16.99,16.99
,95694778,,16.99,16.99,16.99
,95694780,,16.99,16.99,16.99
,95694792,,16.99,16.99,16.99
,95694811,,16.99,16.99,16.99
,95694823,,16.99,16.99,16.99
,95694850,,16.99,16.99,16.99
,95694862,,16.99,16.99,16.99
,95701054,,24.99,24.99,24.99
,95701066,,24.99,24.99,24.99
,95701079,,24.99,24.99,24.99
,95701081,,24.99,24.99,24.99
,95701093,,26.99,26.99,26.99
,95701109,,26.99,26.99,26.99
,95701176,,24.99,24.99,24.99
,95701188,,24.99,24.99,24.99
,95701190,,26.99,26.99,26.99
,95701206,,24.99,24.99,24.99
,95701219,,26.99,26.99,26.99
,95701221,,24.99,24.99,24.99
,95701285,,24.99,24.99,24.99
,95701297,,24.99,24.99,24.99
,95701303,,26.99,26.99,26.99
,95701316,,24.99,24.99,24.99
,95701328,,24.99,24.99,24.99
,95701330,,24.99,24.99,24.99
,95701424,,24.99,24.99,24.99
,95701436,,24.99,24.99,24.99
,95701449,,24.99,24.99,24.99
,95701451,,24.99,24.99,24.99
,95701463,,24.99,24.99,24.99
,95701476,,24.99,24.99,24.99
,95701670,,14.99,14.99,14.99
,95701682,,14.99,14.99,14.99
,95701694,,14.99,14.99,14.99
,95701709,,17.99,17.99,17.99
,95701712,,17.99,17.99,17.99
,95701724,,14.99,14.99,14.99
,95701763,,14.99,14.99,14.99
,95701776,,14.99,14.99,14.99
,95701790,,14.99,14.99,14.99
,95701806,,17.99,17.99,17.99
,95701860,,14.99,14.99,14.99
,95701873,,14.99,14.99,14.99
,95701885,,14.99,14.99,14.99
,95701897,,14.99,14.99,14.99
,95701903,,14.99,14.99,14.99
,95701916,,17.99,17.99,17.99
,95702026,,17.99,17.99,17.99
,95702038,,17.99,17.99,17.99
,95702041,,14.99,14.99,14.99
,95702053,,17.99,17.99,17.99
,95702065,,17.99,17.99,17.99
,95702078,,17.99,17.99,17.99
,95736657,,40,40,40
,95736669,,40,40,40
,95736672,,40,40,40
,95738694,,60,60,60
,95738709,,60,60,60
,95738712,,60,60,60
,95738724,,60,60,60
,95738736,,60,60,60
,95738749,,60,60,60
,95738751,,60,60,60
,95738763,,60,60,60
,95738776,,60,60,60
,95738788,,60,60,60
,95738790,,60,60,60
,95738806,,60,60,60
,95738821,,60,60,60
,95738833,,60,60,60
,95738846,,60,60,60
,95738858,,60,60,60
,95738860,,60,60,60
,95754942,,26.99,26.99,26.99
,95754979,,26.99,26.99,26.99
,95754981,,24.99,24.99,24.99
,95754993,,24.99,24.99,24.99
,95759170,,26.99,26.99,26.99
,95759182,,24.99,24.99,24.99
,95759194,,24.99,24.99,24.99
,95759200,,24.99,24.99,24.99
,95759213,,24.99,24.99,24.99
,95759225,,24.99,24.99,24.99
,95761622,,44,44,44
,95761634,,26.99,26.99,26.99
,95762590,,24.99,24.99,24.99
,95762606,,24.99,24.99,24.99
,95762619,,24.99,24.99,24.99
,95762621,,24.99,24.99,24.99
,95762633,,26.99,26.99,26.99
,95762646,,26.99,26.99,26.99
,95765151,,26.99,26.99,26.99
,95765163,,26.99,26.99,26.99
,95765246,,26.99,26.99,26.99
,95765258,,26.99,26.99,26.99
,95765260,,26.99,26.99,26.99
,95765273,,24.99,24.99,24.99
,95765285,,24.99,24.99,24.99
,95765297,,26.99,26.99,26.99
,95765330,,44,44,44
,95765343,,26.99,26.99,26.99
,95767868,,26.99,26.99,26.99
,95767871,,26.99,26.99,26.99
,95767883,,44,44,44
,95767895,,44,44,44
,95767901,,26.99,26.99,26.99
,95767914,,44,44,44
,95767926,,44,44,44
,95768012,,44,44,44
,95768036,,26.99,26.99,26.99
,95808885,,53,53,53
,95808897,,53,53,53
,95808903,,53,53,53
,95808916,,53,53,53
,95808928,,53,53,53
,95809053,,53,53,53
,95809065,,26.5,26.5,26.5
,95809078,,26.5,26.5,26.5
,95809080,,53,53,53
,95841830,,29.99,29.99,29.99
,95841843,,29.99,29.99,29.99
,95841855,,29.99,29.99,29.99
,95841882,,29.99,29.99,29.99
,95841894,,24.99,24.99,24.99
,95841900,,29.99,29.99,29.99
,95841937,,29.99,29.99,29.99
,95841940,,24.99,24.99,24.99
,95841952,,29.99,29.99,29.99
,95841977,,24.99,24.99,24.99
,95841989,,29.99,29.99,29.99
,95841991,,29.99,29.99,29.99
,95842008,,29.99,29.99,29.99
,95842035,,29.99,29.99,29.99
,95842048,,29.99,29.99,29.99
,95842050,,29.99,29.99,29.99
,95842309,,26.99,26.99,26.99
,95842312,,24.99,24.99,24.99
,95842324,,26.99,26.99,26.99
,95842336,,24.99,24.99,24.99
,95842349,,24.99,24.99,24.99
,95842351,,26.99,26.99,26.99
,95859400,,34.8,34.8,34.8
,95859413,,58,58,58
,95859425,,29,29,29
,95859437,,34.8,34.8,34.8
,95859440,,34.8,34.8,34.8
,95859452,,58,58,58
,95859464,,29,29,29
,95859489,,34.8,34.8,34.8
,95859507,,58,58,58
,95859510,,29,29,29
,95859522,,34.8,34.8,34.8
,95859534,,58,58,58
,95870495,,22.8,22.8,22.8
,95870501,,32.3,32.3,32.3
,95870514,,32.3,32.3,32.3
,95870526,,22.8,22.8,22.8
,95877707,,26.99,26.99,26.99
,95895252,,10,10,10
,95929210,,26,26,26
,95929222,,16.99,16.99,16.99
,95929234,,16.99,16.99,16.99
,95929247,,26,26,26
,95929259,,16.99,16.99,16.99
,95929261,,26,26,26
,95929274,,26,26,26
,95929286,,26,26,26
,95930083,,37.4,37.4,37.4
,95930095,,37.4,37.4,37.4
,95930101,,37.4,37.4,37.4
,95930114,,37.4,37.4,37.4
,95930126,,26.4,26.4,26.4
,95930138,,26.4,26.4,26.4
,95930141,,26.4,26.4,26.4
,95930153,,37.4,37.4,37.4
,95930165,,37.4,37.4,37.4
,95930178,,37.4,37.4,37.4
,95930180,,37.4,37.4,37.4
,95930192,,37.4,37.4,37.4
,95930208,,37.4,37.4,37.4
,95930211,,37.4,37.4,37.4
,95930875,,28,28,28
,95930887,,28,28,28
,95930899,,28,28,28
,95930918,,28,28,28
,95930920,,28,28,28
,95930932,,28,28,28
,95930957,,28,28,28
,95930969,,28,28,28
,95930972,,28,28,28
,95930984,,28,28,28
,95930996,,28,28,28
,95931003,,28,28,28
,95931016,,28,28,28
,95931030,,28,28,28
,95931043,,28,28,28
,95931055,,28,28,28
,95931070,,28,28,28
,95931082,,28,28,28
,95931094,,28,28,28
,95931477,,31.5,31.5,31.5
,95931489,,31.5,31.5,31.5
,95933572,,21.99,21.99,21.99
,95933584,,21.99,21.99,21.99
,95933596,,21.99,21.99,21.99
,95933602,,21.99,21.99,21.99
,95933615,,21.99,21.99,21.99
,95933627,,21.99,21.99,21.99
,95933708,,40,40,40
,95933711,,40,40,40
,95933723,,21.99,21.99,21.99
,95933735,,40,40,40
,95933748,,21.99,21.99,21.99
,95933775,,21.99,21.99,21.99
,95933787,,21.99,21.99,21.99
,95933799,,40,40,40
,95933805,,21.99,21.99,21.99
,95933818,,21.99,21.99,21.99
,95933845,,40,40,40
,95933857,,40,40,40
,95933869,,40,40,40
,95933872,,21.99,21.99,21.99
,95933884,,21.99,21.99,21.99
,95933896,,40,40,40
,95936184,,37.4,37.4,37.4
,95936196,,30.8,30.8,30.8
,95936202,,37.4,37.4,37.4
,95936215,,30.8,30.8,30.8
,95936227,,30.8,30.8,30.8
,95936239,,37.4,37.4,37.4
,95936242,,37.4,37.4,37.4
,95936254,,30.8,30.8,30.8
,95938097,,49.5,49.5,49.5
,95938103,,49.5,49.5,49.5
,95938116,,49.5,49.5,49.5
,95938128,,49.5,49.5,49.5
,95938130,,49.5,49.5,49.5
,95938143,,49.5,49.5,49.5
,95938155,,49.5,49.5,49.5
,95938167,,49.5,49.5,49.5
,95938170,,49.5,49.5,49.5
,95938182,,49.5,49.5,49.5
,95938194,,49.5,49.5,49.5
,95938200,,49.5,49.5,49.5
,95938213,,49.5,49.5,49.5
,95938361,,49.5,49.5,49.5
,95938374,,49.5,49.5,49.5
,95938386,,49.5,49.5,49.5
,95938398,,49.5,49.5,49.5
,95938403,,49.5,49.5,49.5
,95938416,,49.5,49.5,49.5
,95938428,,49.5,49.5,49.5
,95938430,,49.5,49.5,49.5
,95938455,,49.5,49.5,49.5
,95938467,,49.5,49.5,49.5
,95938470,,49.5,49.5,49.5
,95938482,,49.5,49.5,49.5
,95938513,,49.5,49.5,49.5
,95938537,,49.5,49.5,49.5
,95938540,,49.5,49.5,49.5
,95938552,,49.5,49.5,49.5
,95938564,,49.5,49.5,49.5
,95938577,,49.5,49.5,49.5
,95938589,,49.5,49.5,49.5
,95938591,,49.5,49.5,49.5
,95938610,,49.5,49.5,49.5
,95938622,,49.5,49.5,49.5
,95938634,,49.5,49.5,49.5
,95938647,,49.5,49.5,49.5
,95938659,,49.5,49.5,49.5
,95938674,,49.5,49.5,49.5
,95938686,,49.5,49.5,49.5
,95938698,,49.5,49.5,49.5
,95938703,,49.5,49.5,49.5
,95938728,,49.5,49.5,49.5
,95938730,,49.5,49.5,49.5
,95938755,,49.5,49.5,49.5
,95938767,,49.5,49.5,49.5
,95938770,,49.5,49.5,49.5
,95938782,,49.5,49.5,49.5
,95938910,,59.5,59.5,59.5
,95938922,,59.5,59.5,59.5
,95938934,,59.5,59.5,59.5
,95938947,,59.5,59.5,59.5
,95938961,,59.5,59.5,59.5
,95938974,,59.5,59.5,59.5
,95938986,,59.5,59.5,59.5
,95938998,,59.5,59.5,59.5
,95939020,,59.5,59.5,59.5
,95939032,,59.5,59.5,59.5
,95939045,,59.5,59.5,59.5
,95939057,,59.5,59.5,59.5
,95939069,,59.5,59.5,59.5
,95939115,,59.5,59.5,59.5
,95939127,,59.5,59.5,59.5
,95939139,,59.5,59.5,59.5
,95939142,,59.5,59.5,59.5
,95939154,,59.5,59.5,59.5
,95946108,,42.07,42.07,42.07
,95946111,,42.07,42.07,42.07
,95946123,,42.07,42.07,42.07
,95946135,,42.07,42.07,42.07
,95946218,,42.07,42.07,42.07
,95946220,,42.07,42.07,42.07
,95946232,,42.07,42.07,42.07
,95946245,,42.07,42.07,42.07
,95954524,,29.4,29.4,29.4
,95954536,,29.4,29.4,29.4
,95954549,,29.4,29.4,29.4
,95954551,,29.4,29.4,29.4
,95954563,,29.4,29.4,29.4
,95954576,,29.4,29.4,29.4
,95954588,,29.4,29.4,29.4
,95954590,,29.4,29.4,29.4
,95954697,,29.4,29.4,29.4
,95954702,,29.4,29.4,29.4
,95954715,,29.4,29.4,29.4
,95989168,,42,42,42
,95989171,,24.99,24.99,24.99
,95989183,,24.99,24.99,24.99
,95989195,,24.99,24.99,24.99
,95989201,,24.99,24.99,24.99
,95989238,,42,42,42
,95989241,,24.99,24.99,24.99
,95989253,,24.99,24.99,24.99
,95989292,,24.99,24.99,24.99
,95989308,,24.99,24.99,24.99
,95989311,,42,42,42
,95989323,,42,42,42
,95989335,,42,42,42
,95989348,,24.99,24.99,24.99
,95989350,,24.99,24.99,24.99
,95989362,,24.99,24.99,24.99
,95989375,,42,42,42
,95989387,,24.99,24.99,24.99
,95989399,,42,42,42
,95989404,,42,42,42
,95994765,,30.8,30.8,30.8
,95994778,,30.8,30.8,30.8
,95994780,,30.8,30.8,30.8
,95994850,,30.8,30.8,30.8
,95994862,,30.8,30.8,30.8
,95996190,,28,28,28
,95996206,,28,28,28
,95996303,,28,28,28
,95996316,,28,28,28
,95996328,,28,28,28
,95996451,,29.4,29.4,29.4
,95996463,,29.4,29.4,29.4
,95996476,,29.4,29.4,29.4
,95999267,,29.4,29.4,29.4
,95999270,,29.4,29.4,29.4
,95999282,,29.4,29.4,29.4
,96017053,,36,36,36
,96017065,,21.6,21.6,21.6
,96017078,,21.6,21.6,21.6
,96017080,,21.6,21.6,21.6
,96017092,,36,36,36
,96017108,,36,36,36
,96017175,,36,36,36
,96017187,,21.6,21.6,21.6
,96017199,,36,36,36
,96017205,,36,36,36
,96017218,,21.6,21.6,21.6
,96017220,,21.6,21.6,21.6
,96017296,,36,36,36
,96017302,,21.6,21.6,21.6
,96017315,,36,36,36
,96017327,,36,36,36
,96017339,,36,36,36
,96017342,,36,36,36
,96017354,,36,36,36
,96017366,,21.6,21.6,21.6
,96017379,,36,36,36
,96017381,,36,36,36
,96017393,,36,36,36
,96017408,,21.6,21.6,21.6
,96027671,,37.8,37.8,37.8
,96027683,,37.8,37.8,37.8
,96027695,,37.8,37.8,37.8
,96027700,,37.8,37.8,37.8
,96027898,,37.8,37.8,37.8
,96027904,,54,54,54
,96027917,,37.8,37.8,37.8
,96027929,,37.8,37.8,37.8
,96028328,,37.8,37.8,37.8
,96028330,,37.8,37.8,37.8
,96028343,,37.8,37.8,37.8
,96028355,,37.8,37.8,37.8
,96028449,,37.8,37.8,37.8
,96028451,,37.8,37.8,37.8
,96028463,,37.8,37.8,37.8
,96028476,,37.8,37.8,37.8
,96028670,,37.8,37.8,37.8
,96028682,,37.8,37.8,37.8
,96028694,,37.8,37.8,37.8
,96028709,,37.8,37.8,37.8
,96030039,,24,24,24
,96030042,,24,24,24
,96030054,,24,24,24
,96030066,,24,24,24
,96030079,,24,24,24
,96030081,,40,40,40
,96030093,,40,40,40
,96030109,,24,24,24
,96030112,,24,24,24
,96030124,,24,24,24
,96030136,,24,24,24
,96030149,,24,24,24
,96031111,,24,24,24
,96031123,,40,40,40
,96031135,,24,24,24
,96031148,,24,24,24
,96031150,,40,40,40
,96031162,,24,24,24
,96031175,,24,24,24
,96031187,,40,40,40
,96031199,,40,40,40
,96031205,,24,24,24
,96031218,,24,24,24
,96031220,,40,40,40
,96033294,,40,40,40
,96033300,,40,40,40
,96033313,,21.99,21.99,21.99
,96033325,,21.99,21.99,21.99
,96033337,,21.99,21.99,21.99
,96037646,,29.75,29.75,29.75
,96037658,,29.75,29.75,29.75
,96037660,,29.75,29.75,29.75
,96037727,,29.75,29.75,29.75
,96037739,,29.75,29.75,29.75
,96037742,,29.75,29.75,29.75
,96049225,,21.6,21.6,21.6
,96049237,,21.6,21.6,21.6
,96049240,,21.6,21.6,21.6
,96049252,,21.6,21.6,21.6
,96049264,,21.6,21.6,21.6
,96049277,,21.6,21.6,21.6
,96049289,,21.6,21.6,21.6
,96049291,,21.6,21.6,21.6
,96049307,,21.6,21.6,21.6
,96049310,,21.6,21.6,21.6
,96049322,,21.6,21.6,21.6
,96049334,,21.6,21.6,21.6
,96062117,,44,44,44
,96062129,,26.4,26.4,26.4
,96062131,,44,44,44
,96062144,,26.4,26.4,26.4
,96062156,,26.4,26.4,26.4
,96062168,,44,44,44
,96062171,,26.4,26.4,26.4
,96062183,,26.4,26.4,26.4
,96062195,,44,44,44
,96062201,,26.4,26.4,26.4
,96062214,,26.4,26.4,26.4
,96062226,,44,44,44
,96062238,,26.4,26.4,26.4
,96062241,,26.4,26.4,26.4
,96062253,,26.4,26.4,26.4
,96062265,,26.4,26.4,26.4
,96062278,,26.4,26.4,26.4
,96062292,,26.4,26.4,26.4
,96062308,,26.4,26.4,26.4
,96062311,,44,44,44
,96062323,,44,44,44
,96062335,,44,44,44
,96062348,,26.4,26.4,26.4
,96062538,,22.8,22.8,22.8
,96062541,,22.8,22.8,22.8
,96062553,,22.8,22.8,22.8
,96062565,,22.8,22.8,22.8
,96062578,,22.8,22.8,22.8
,96062580,,32.3,32.3,32.3
,96062592,,22.8,22.8,22.8
,96062608,,32.3,32.3,32.3
,96062611,,22.8,22.8,22.8
,96062623,,22.8,22.8,22.8
,96062635,,22.8,22.8,22.8
,96062648,,22.8,22.8,22.8
,96062650,,22.8,22.8,22.8
,96062662,,22.8,22.8,22.8
,96062675,,32.3,32.3,32.3
,96062687,,22.8,22.8,22.8
,96062699,,32.3,32.3,32.3
,96062704,,22.8,22.8,22.8
,96065153,,30.8,30.8,30.8
,96065165,,37.4,37.4,37.4
,96065178,,37.4,37.4,37.4
,96065180,,30.8,30.8,30.8
,96065192,,30.8,30.8,30.8
,96065208,,30.8,30.8,30.8
,96065211,,37.4,37.4,37.4
,96065223,,37.4,37.4,37.4
,96068315,,21.99,21.99,21.99
,96068327,,21.99,21.99,21.99
,96068339,,21.99,21.99,21.99
,96068342,,21.99,21.99,21.99
,96068354,,21.99,21.99,21.99
,96068366,,21.99,21.99,21.99
,96068379,,21.99,21.99,21.99
,96068393,,21.99,21.99,21.99
,96068408,,21.99,21.99,21.99
,96068411,,21.99,21.99,21.99
,96068423,,21.99,21.99,21.99
,96068435,,21.99,21.99,21.99
,96068448,,21.99,21.99,21.99
,96068450,,21.99,21.99,21.99
,96068462,,21.99,21.99,21.99
,96068475,,21.99,21.99,21.99
,96068487,,21.99,21.99,21.99
,96068499,,21.99,21.99,21.99
,96068505,,21.99,21.99,21.99
,96068518,,21.99,21.99,21.99
,96068520,,21.99,21.99,21.99
,96068884,,44.99,44.99,44.99
,96068896,,44.99,44.99,44.99
,96068902,,44.99,44.99,44.99
,96068915,,44.99,44.99,44.99
,96068939,,44.99,44.99,44.99
,96068942,,44.99,44.99,44.99
,96068954,,44.99,44.99,44.99
,96068966,,44.99,44.99,44.99
,96068979,,44.99,44.99,44.99
,96068981,,44.99,44.99,44.99
,96068993,,44.99,44.99,44.99
,96069000,,44.99,44.99,44.99
,96069013,,44.99,44.99,44.99
,96069025,,44.99,44.99,44.99
,96069052,,44.99,44.99,44.99
,96069064,,44.99,44.99,44.99
,96069077,,44.99,44.99,44.99
,96069089,,44.99,44.99,44.99
,96069283,,39.99,39.99,39.99
,96069295,,39.99,39.99,39.99
,96069314,,39.99,39.99,39.99
,96069326,,39.99,39.99,39.99
,96069338,,39.99,39.99,39.99
,96069353,,39.99,39.99,39.99
,96069365,,39.99,39.99,39.99
,96069378,,39.99,39.99,39.99
,96069380,,39.99,39.99,39.99
,96078320,,16.99,16.99,16.99
,96078332,,16.99,16.99,16.99
,96078345,,16.99,16.99,16.99
,96078357,,16.99,16.99,16.99
,96079834,,21.99,21.99,21.99
,96079847,,21.99,21.99,21.99
,96079859,,21.99,21.99,21.99
,96079861,,21.99,21.99,21.99
,96079874,,21.99,21.99,21.99
,96079886,,21.99,21.99,21.99
,96079898,,21.99,21.99,21.99
,96079904,,21.99,21.99,21.99
,96079917,,21.99,21.99,21.99
,96079929,,21.99,21.99,21.99
,96079931,,21.99,21.99,21.99
,96079944,,21.99,21.99,21.99
,96116594,,40,40,40
,96116600,,40,40,40
,96116613,,24.99,24.99,24.99
,96116640,,24.99,24.99,24.99
,96116652,,24.99,24.99,24.99
,96116664,,24.99,24.99,24.99
,96116691,,24.99,24.99,24.99
,96116706,,40,40,40
,96116719,,40,40,40
,96116733,,40,40,40
,96116746,,24.99,24.99,24.99
,96116758,,24.99,24.99,24.99
,96116760,,40,40,40
,96116816,,24.99,24.99,24.99
,96116828,,24.99,24.99,24.99
,96116830,,24.99,24.99,24.99
,96143894,,26.99,26.99,26.99
,96143913,,26.4,26.4,26.4
,96143925,,26.99,26.99,26.99
,96143937,,26.99,26.99,26.99
,96143940,,26.99,26.99,26.99
,96143952,,26.99,26.99,26.99
,96144075,,26.4,26.4,26.4
,96144099,,26.99,26.99,26.99
,96144105,,26.99,26.99,26.99
,96144118,,26.99,26.99,26.99
,96144120,,26.4,26.4,26.4
,96144132,,26.4,26.4,26.4
,96144309,,26.99,26.99,26.99
,96144312,,26.4,26.4,26.4
,96144324,,26.99,26.99,26.99
,96144336,,26.99,26.99,26.99
,96144349,,26.99,26.99,26.99
,96166122,,27.6,27.6,27.6
,96166134,,27.6,27.6,27.6
,96166147,,21.99,21.99,21.99
,96166159,,21.99,21.99,21.99
,96166161,,21.99,21.99,21.99
,96166174,,21.99,21.99,21.99
,96166198,,27.6,27.6,27.6
,96172729,,34.8,34.8,34.8
,96172731,,34.8,34.8,34.8
,96172744,,29,29,29
,96172756,,34.8,34.8,34.8
,96172768,,34.8,34.8,34.8
,96172771,,34.8,34.8,34.8
,96172783,,34.8,34.8,34.8
,96172795,,34.8,34.8,34.8
,96172801,,29,29,29
,96172814,,29,29,29
,96172826,,34.8,34.8,34.8
,96172838,,34.8,34.8,34.8
,96172841,,34.8,34.8,34.8
,96172853,,34.8,34.8,34.8
,96172865,,34.8,34.8,34.8
,96172878,,34.8,34.8,34.8
,96172880,,34.8,34.8,34.8
,96172892,,34.8,34.8,34.8
,96172908,,34.8,34.8,34.8
,96172911,,34.8,34.8,34.8
,96172923,,34.8,34.8,34.8
,96172935,,34.8,34.8,34.8
,96172948,,34.8,34.8,34.8
,96172950,,29,29,29
,96172962,,34.8,34.8,34.8
,96172975,,34.8,34.8,34.8
,96172987,,34.8,34.8,34.8
,96172999,,29,29,29
,96212914,,33,33,33
,96212926,,33,33,33
,96212938,,29.99,29.99,29.99
,96212941,,33,33,33
,96212953,,33,33,33
,96212965,,33,33,33
,96212978,,33,33,33
,96212980,,33,33,33
,96212992,,29.99,29.99,29.99
,96213009,,33,33,33
,96213012,,33,33,33
,96213024,,29.99,29.99,29.99
,96213036,,33,33,33
,96213049,,33,33,33
,96213051,,29.99,29.99,29.99
,96213063,,33,33,33
,96213088,,33,33,33
,96213090,,33,33,33
,96213106,,33,33,33
,96213119,,33,33,33
,96213146,,33,33,33
,96213158,,33,33,33
,96213160,,33,33,33
,96213173,,33,33,33
,96213185,,29.99,29.99,29.99
,96213197,,33,33,33
,96213203,,33,33,33
,96213216,,33,33,33
,96213228,,33,33,33
,96213230,,29.99,29.99,29.99
,96213243,,33,33,33
,96213255,,33,33,33
,96213267,,29.99,29.99,29.99
,96213270,,33,33,33
,96213282,,33,33,33
,96213294,,33,33,33
,96213300,,33,33,33
,96213313,,33,33,33
,96213325,,33,33,33
,96213337,,33,33,33
,96213340,,33,33,33
,96213352,,33,33,33
,96213364,,33,33,33
,96213377,,33,33,33
,96213406,,29.99,29.99,29.99
,96213419,,33,33,33
,96213421,,33,33,33
,96213433,,29.99,29.99,29.99
,96213446,,29.99,29.99,29.99
,96213458,,29.99,29.99,29.99
,96213460,,33,33,33
,96213473,,33,33,33
,96213485,,33,33,33
,96213497,,33,33,33
,96213503,,33,33,33
,96213516,,33,33,33
,96233752,,33.15,33.15,33.15
,96233791,,33.15,33.15,33.15
,96233807,,33.15,33.15,33.15
,96233834,,33.15,33.15,33.15
,96233847,,33.15,33.15,33.15
,96233874,,33.15,33.15,33.15
,96233886,,33.15,33.15,33.15
,96233917,,33.15,33.15,33.15
,96233929,,33.15,33.15,33.15
,96234221,,42.07,42.07,42.07
,96234233,,42.07,42.07,42.07
,96234246,,42.07,42.07,42.07
,96234258,,42.07,42.07,42.07
,96234260,,42.07,42.07,42.07
,96234273,,42.07,42.07,42.07
,96234285,,42.07,42.07,42.07
,96234297,,42.07,42.07,42.07
,96234303,,42.07,42.07,42.07
,96234316,,42.07,42.07,42.07
,96234328,,42.07,42.07,42.07
,96234330,,42.07,42.07,42.07
,96234343,,42.07,42.07,42.07
,96234355,,42.07,42.07,42.07
,96234367,,42.07,42.07,42.07
,96234370,,42.07,42.07,42.07
,96262942,,28,28,28
,96262954,,28,28,28
,96262966,,28,28,28
,96279999,,26.99,26.99,26.99
,96284208,,34,34,34
,96284211,,34,34,34
,96284223,,34,34,34
,96284918,,34,34,34
,96284920,,34,34,34
,96284932,,34,34,34
,96287245,,22.5,22.5,22.5
,96287257,,22.5,22.5,22.5
,96287269,,22.5,22.5,22.5
,96287272,,22.5,22.5,22.5
,96287284,,22.5,22.5,22.5
,96287296,,22.5,22.5,22.5
,96287342,,22.5,22.5,22.5
,96287354,,22.5,22.5,22.5
,96287366,,22.5,22.5,22.5
,96310582,,32.5,32.5,32.5
,96310594,,32.5,32.5,32.5
,96310600,,32.5,32.5,32.5
,96310652,,24.5,24.5,24.5
,96310664,,24.5,24.5,24.5
,96310677,,24.5,24.5,24.5
,96310689,,24.5,24.5,24.5
,96337264,,28,28,28
,96337277,,28,28,28
,96337289,,28,28,28
,96337291,,28,28,28
,96337540,,28,28,28
,96337552,,28,28,28
,96337564,,28,28,28
,96337577,,28,28,28
,96341096,,30.8,30.8,30.8
,96341102,,30.8,30.8,30.8
,96341115,,30.8,30.8,30.8
,96341127,,30.8,30.8,30.8
,96341139,,30.8,30.8,30.8
,96341142,,30.8,30.8,30.8
,96341154,,30.8,30.8,30.8
,96341166,,30.8,30.8,30.8
,96364130,,24,24,24
,96364143,,24,24,24
,96364155,,24,24,24
,96364167,,24,24,24
,96364170,,24,24,24
,96364182,,24,24,24
,96364200,,24,24,24
,96364213,,24,24,24
,96364225,,24,24,24
,96364237,,24,24,24
,96364240,,24,24,24
,96364252,,24,24,24
,96373244,,35,35,35
,96373256,,35,35,35
,96373268,,35,35,35
,96373314,,43.75,43.75,43.75
,96373326,,43.75,43.75,43.75
,96373338,,43.75,43.75,43.75
,96382395,,24,24,24
,96382400,,24,24,24
,96382413,,24,24,24
,96382425,,24,24,24
,96382437,,24,24,24
,96382440,,24,24,24
,96393095,,28,28,28
,96393101,,28,28,28
,96393114,,28,28,28
,96393126,,28,28,28
,96393138,,28,28,28
,96393141,,28,28,28
,96393165,,28,28,28
,96404879,,21.6,21.6,21.6
,96404881,,21.6,21.6,21.6
,96404893,,21.6,21.6,21.6
,96404909,,21.6,21.6,21.6
,96404912,,21.6,21.6,21.6
,96404936,,21.6,21.6,21.6
,96405086,,21.6,21.6,21.6
,96405098,,21.6,21.6,21.6
,96405104,,21.6,21.6,21.6
,96405117,,21.6,21.6,21.6
,96405129,,21.6,21.6,21.6
,96405131,,21.6,21.6,21.6
,96405144,,21.6,21.6,21.6
,96405168,,21.6,21.6,21.6
,96405171,,21.6,21.6,21.6
,96405183,,21.6,21.6,21.6
,96405195,,21.6,21.6,21.6
,96405201,,21.6,21.6,21.6
,96405214,,21.6,21.6,21.6
,96405226,,21.6,21.6,21.6
,96409737,,34.99,34.99,34.99
,96409740,,34.99,34.99,34.99
,96409752,,34.99,34.99,34.99
,96409764,,34.99,34.99,34.99
,96409777,,34.99,34.99,34.99
,96410358,,39.99,39.99,39.99
,96410360,,39.99,39.99,39.99
,96410373,,39.99,39.99,39.99
,96410415,,39.99,39.99,39.99
,96410427,,39.99,39.99,39.99
,96410754,,39.99,39.99,39.99
,96410766,,39.99,39.99,39.99
,96410779,,39.99,39.99,39.99
,96410781,,39.99,39.99,39.99
,96410793,,39.99,39.99,39.99
,96415544,,39.99,39.99,39.99
,96415556,,39.99,39.99,39.99
,96415568,,39.99,39.99,39.99
,96415571,,39.99,39.99,39.99
,96415638,,39.99,39.99,39.99
,96415641,,39.99,39.99,39.99
,96417936,,26.4,26.4,26.4
,96417949,,26.4,26.4,26.4
,96417951,,26.4,26.4,26.4
,96417963,,26.4,26.4,26.4
,96417976,,30.8,30.8,30.8
,96417988,,26.4,26.4,26.4
,96417990,,26.4,26.4,26.4
,96471720,,24.99,24.99,24.99
,96471732,,24.99,24.99,24.99
,96471745,,24.99,24.99,24.99
,96471757,,24.99,24.99,24.99
,96471769,,24.99,24.99,24.99
,96471881,,24.99,24.99,24.99
,96471893,,24.99,24.99,24.99
,96471909,,24.99,24.99,24.99
,96471912,,24.99,24.99,24.99
,96471924,,24.99,24.99,24.99
,96471936,,24.99,24.99,24.99
,96471949,,24.99,24.99,24.99
,96471951,,24.99,24.99,24.99
,96471963,,24.99,24.99,24.99
,96471976,,24.99,24.99,24.99
,96475548,,24.99,24.99,24.99
,96475550,,24.99,24.99,24.99
,96475562,,24.99,24.99,24.99
,96475575,,24.99,24.99,24.99
,96475587,,24.99,24.99,24.99
,96475632,,24.99,24.99,24.99
,96475645,,24.99,24.99,24.99
,96475657,,24.99,24.99,24.99
,96475669,,24.99,24.99,24.99
,96475672,,24.99,24.99,24.99
,96475738,,24.99,24.99,24.99
,96475741,,24.99,24.99,24.99
,96475753,,24.99,24.99,24.99
,96475765,,24.99,24.99,24.99
,96475778,,24.99,24.99,24.99
,96475848,,24.99,24.99,24.99
,96475850,,24.99,24.99,24.99
,96475862,,24.99,24.99,24.99
,96475875,,24.99,24.99,24.99
,96475887,,24.99,24.99,24.99
,96475899,,24.99,24.99,24.99
,96475905,,24.99,24.99,24.99
,96475918,,24.99,24.99,24.99
,96475920,,24.99,24.99,24.99
,96475932,,24.99,24.99,24.99
,96481013,,41.3,41.3,41.3
,96481037,,41.3,41.3,41.3
,96481040,,41.3,41.3,41.3
,96481052,,41.3,41.3,41.3
,96481064,,41.3,41.3,41.3
,96481077,,41.3,41.3,41.3
,96481091,,41.3,41.3,41.3
,96481110,,41.3,41.3,41.3
,96481122,,41.3,41.3,41.3
,96481134,,41.3,41.3,41.3
,96481147,,41.3,41.3,41.3
,96481159,,41.3,41.3,41.3
,96481174,,41.3,41.3,41.3
,96481186,,41.3,41.3,41.3
,96481198,,41.3,41.3,41.3
,96481204,,41.3,41.3,41.3
,96481231,,41.3,41.3,41.3
,96481410,,41.3,41.3,41.3
,96481434,,41.3,41.3,41.3
,96481447,,41.3,41.3,41.3
,96481459,,41.3,41.3,41.3
,96481461,,41.3,41.3,41.3
,96481474,,41.3,41.3,41.3
,96481498,,41.3,41.3,41.3
,96481517,,41.3,41.3,41.3
,96481529,,41.3,41.3,41.3
,96481531,,41.3,41.3,41.3
,96481544,,41.3,41.3,41.3
,96481556,,41.3,41.3,41.3
,96490671,,16.99,16.99,16.99
,96490683,,16.99,16.99,16.99
,96490695,,16.99,16.99,16.99
,96490700,,16.99,16.99,16.99
,96490834,,16.99,16.99,16.99
,96490847,,16.99,16.99,16.99
,96490859,,16.99,16.99,16.99
,96490861,,16.99,16.99,16.99
,96491943,,16.99,16.99,16.99
,96491955,,16.99,16.99,16.99
,96491967,,16.99,16.99,16.99
,96491970,,16.99,16.99,16.99
,96492080,,16.99,16.99,16.99
,96492092,,16.99,16.99,16.99
,96492108,,16.99,16.99,16.99
,96492111,,16.99,16.99,16.99
,96492123,,16.99,16.99,16.99
,96492135,,16.99,16.99,16.99
,96492148,,16.99,16.99,16.99
,96492150,,16.99,16.99,16.99
,96522436,,34.8,34.8,34.8
,96522449,,34.8,34.8,34.8
,96522451,,34.8,34.8,34.8
,96522463,,34.8,34.8,34.8
,96522476,,34.8,34.8,34.8
,96522488,,34.8,34.8,34.8
,96522490,,34.8,34.8,34.8
,96540076,,16.8,16.8,16.8
,96540088,,16.8,16.8,16.8
,96540090,,16.8,16.8,16.8
,96540106,,16.8,16.8,16.8
,96549829,,26.99,26.99,26.99
,96549831,,26.99,26.99,26.99
,96549844,,26.99,26.99,26.99
,96549856,,26.99,26.99,26.99
,96549868,,26.99,26.99,26.99
,96549871,,26.99,26.99,26.99
,96556512,,26.99,26.99,26.99
,96556549,,26.99,26.99,26.99
,96601154,,16.99,16.99,16.99
,96601166,,16.99,16.99,16.99
,96601179,,16.99,16.99,16.99
,96601181,,16.99,16.99,16.99
,96617573,,16.99,16.99,16.99
,96617585,,16.99,16.99,16.99
,96617597,,16.99,16.99,16.99
,96617603,,16.99,16.99,16.99
,96617616,,16.99,16.99,16.99
,96617628,,16.99,16.99,16.99
,96617630,,16.99,16.99,16.99
,96617643,,16.99,16.99,16.99
,96659691,,14.99,14.99,14.99
,96659706,,14.99,14.99,14.99
,96659719,,14.99,14.99,14.99
,96659721,,14.99,14.99,14.99
,96784195,,30.8,30.8,30.8
,96784201,,30.8,30.8,30.8
,96784214,,30.8,30.8,30.8
,96784226,,30.8,30.8,30.8
,96784238,,30.8,30.8,30.8
,96784241,,30.8,30.8,30.8
,96784253,,30.8,30.8,30.8
,96784265,,34.3,34.3,34.3
,96784278,,34.3,34.3,34.3
,96784280,,34.3,34.3,34.3
,96784292,,34.3,34.3,34.3
,96784308,,34.3,34.3,34.3
,96784311,,34.3,34.3,34.3
,96784323,,34.3,34.3,34.3
,97028065,,37.8,37.8,37.8
,97028078,,37.8,37.8,37.8
,97028080,,37.8,37.8,37.8
,97028092,,37.8,37.8,37.8
,97028111,,37.8,37.8,37.8
,97028123,,37.8,37.8,37.8
,97028135,,37.8,37.8,37.8
,97028148,,37.8,37.8,37.8
,97028150,,37.8,37.8,37.8
,97028162,,37.8,37.8,37.8
,97028175,,37.8,37.8,37.8
,97028187,,37.8,37.8,37.8
,97054002,,35,35,35
,97054015,,35,35,35
,97054027,,35,35,35
,97054039,,35,35,35
,97081970,,24.99,24.99,24.99
,97081982,,24.99,24.99,24.99
,97081994,,24.99,24.99,24.99
,97082001,,24.99,24.99,24.99
,97082014,,24.99,24.99,24.99
,97082026,,24.99,24.99,24.99
,97082041,,24.99,24.99,24.99
,97082053,,24.99,24.99,24.99
,97082065,,24.99,24.99,24.99
,97082078,,24.99,24.99,24.99
,97082080,,24.99,24.99,24.99
,97082092,,24.99,24.99,24.99
,97082111,,24.99,24.99,24.99
,97082135,,24.99,24.99,24.99
,97082148,,24.99,24.99,24.99
,97082150,,24.99,24.99,24.99
,97082162,,24.99,24.99,24.99
,97082175,,24.99,24.99,24.99
,97186778,,34.99,34.99,34.99
,97186780,,34.99,34.99,34.99
,97186792,,34.99,34.99,34.99
,97186808,,34.99,34.99,34.99
,97186811,,34.99,34.99,34.99
,97186850,,34.99,34.99,34.99
,97186862,,34.99,34.99,34.99
,97186875,,34.99,34.99,34.99
,97186887,,34.99,34.99,34.99
,97186899,,34.99,34.99,34.99
,97186969,,34.99,34.99,34.99
,97186972,,34.99,34.99,34.99
,97186984,,34.99,34.99,34.99
,97186996,,34.99,34.99,34.99
,97187003,,34.99,34.99,34.99
,97187789,,39.99,39.99,39.99
,97187791,,39.99,39.99,39.99
,97187807,,39.99,39.99,39.99
,97187810,,39.99,39.99,39.99
,97187822,,39.99,39.99,39.99
,97187834,,39.99,39.99,39.99
,97187847,,39.99,39.99,39.99
,97187859,,39.99,39.99,39.99
,97187861,,39.99,39.99,39.99
,97187874,,39.99,39.99,39.99
,97187886,,39.99,39.99,39.99
,97187898,,39.99,39.99,39.99
,97187904,,39.99,39.99,39.99
,97187917,,39.99,39.99,39.99
,97187929,,39.99,39.99,39.99
,97188490,,39.99,39.99,39.99
,97188506,,39.99,39.99,39.99
,97188519,,39.99,39.99,39.99
,97188521,,39.99,39.99,39.99
,97188533,,39.99,39.99,39.99
,97188630,,39.99,39.99,39.99
,97188643,,39.99,39.99,39.99
,97188655,,39.99,39.99,39.99
,97188667,,39.99,39.99,39.99
,97188670,,39.99,39.99,39.99